Student_ID, Name                , S1_SGPA, S1_Attendance, S2_SGPA, S2_Attendance, S3_SGPA, S3_Attendance, S4_SGPA, S4_Attendance, S5_SGPA, S5_Attendance, S6_SGPA, S6_Attendance, S7_SGPA, S7_Attendance, S8_SGPA, S8_Attendance
S001      , Aarav Nair          , 8.48   , 74           , 6.37   , 79           , 8.35   , 67           , 8.75   , 66           , 9.47   , 81           , 8.68   , 66           , 8.91   , 96           , 8.75   , 80
S002      , Diya Menon          , 9.28   , 95           , 6.94   , 78           , 7.40   , 75           , 7.45   , 89           , 7.14   , 61           , 9.68   , 62           , 7.63   , 72           , 6.47   , 89
S003      , Rohan Pillai        , 6.61   , 94           , 6.25   , 62           , 9.45   , 82           , 6.73   , 61           , 8.49   , 66           , 9.21   , 95           , 9.74   , 83           , 7.35   , 93
S004      , Ananya Krishnan     , 7.77   , 76           , 8.27   , 71           , 9.73   , 73           , 6.71   , 85           , 9.58   , 78           , 7.63   , 90           , 7.90   , 71           , 6.27   , 67
S005      , Adithya Raj         , 8.93   , 82           , 8.38   , 75           , 7.87   , 69           , 6.76   , 83           , 9.71   , 96           , 6.94   , 86           , 9.69   , 86           , 6.10   , 72
S006      , Megha Thomas        , 8.66   , 89           , 7.71   , 64           , 7.77   , 98           , 8.24   , 84           , 6.89   , 80           , 8.41   , 81           , 7.87   , 81           , 7.65   , 96
S007      , Vivek Sharma        , 7.79   , 97           , 7.52   , 83           , 8.90   , 88           , 7.14   , 86           , 6.72   , 70           , 8.57   , 93           , 6.61   , 64           , 8.86   , 88
S008      , Neha Reddy          , 9.64   , 95           , 6.66   , 70           , 9.75   , 75           , 6.69   , 80           , 9.33   , 92           , 9.58   , 73           , 7.40   , 61           , 6.34   , 91
S009      , Kiran Das           , 6.66   , 62           , 8.77   , 73           , 9.77   , 71           , 8.25   , 68           , 8.78   , 74           , 9.09   , 77           , 6.87   , 69           , 7.54   , 79
S010      , Sneha Varghese      , 6.35   , 89           , 9.24   , 61           , 7.29   , 77           , 7.27   , 64           , 9.16   , 95           , 6.15   , 83           , 8.56   , 93           , 7.31   , 70
S011      , Rahul Nair          , 7.36   , 63           , 6.29   , 89           , 6.96   , 67           , 6.78   , 86           , 7.55   , 93           , 8.14   , 73           , 9.60   , 84           , 6.95   , 84
S012      , Pooja Iyer          , 6.46   , 94           , 8.68   , 65           , 6.73   , 66           , 8.78   , 76           , 6.52   , 82           , 8.37   , 62           , 7.66   , 72           , 6.05   , 76
S013      , Akhil Kumar         , 7.35   , 87           , 9.62   , 71           , 9.10   , 71           , 6.56   , 97           , 8.09   , 93           , 9.16   , 98           , 6.07   , 60           , 6.99   , 77
S014      , Harsha Mohan        , 8.20   , 93           , 8.95   , 96           , 8.24   , 74           , 7.36   , 66           , 6.74   , 72           , 9.66   , 77           , 6.55   , 67           , 8.32   , 80
S015      , Arjun S             , 8.09   , 62           , 7.66   , 98           , 6.78   , 95           , 7.24   , 81           , 7.21   , 72           , 6.27   , 85           , 7.87   , 90           , 8.22   , 84
S016      , Lakshmi Priya       , 6.12   , 92           , 7.12   , 90           , 7.12   , 66           , 8.96   , 82           , 9.66   , 76           , 6.75   , 86           , 9.48   , 97           , 8.21   , 73
S017      , Manoj Babu          , 8.48   , 62           , 9.09   , 72           , 8.59   , 69           , 9.05   , 65           , 6.78   , 89           , 7.54   , 68           , 9.56   , 93           , 8.86   , 61
S018      , Nikhil George       , 7.82   , 93           , 7.74   , 64           , 6.97   , 85           , 7.44   , 91           , 6.23   , 76           , 6.51   , 74           , 7.77   , 87           , 6.20   , 84
S019      , Devika Nair         , 6.31   , 79           , 9.66   , 95           , 9.33   , 80           , 6.47   , 76           , 8.21   , 82           , 8.38   , 71           , 8.37   , 84           , 6.37   , 68
S020      , Ashwin Raj          , 7.38   , 60           , 9.53   , 72           , 9.66   , 78           , 8.82   , 88           , 9.06   , 79           , 8.62   , 96           , 8.27   , 91           , 8.44   , 80
S021      , Karthik R           , 8.50   , 84           , 9.11   , 93           , 9.62   , 64           , 7.86   , 67           , 7.71   , 83           , 6.78   , 79           , 7.55   , 85           , 9.51   , 86
S022      , Anu Mathew          , 8.82   , 72           , 8.78   , 67           , 9.08   , 82           , 9.65   , 85           , 7.03   , 75           , 8.73   , 71           , 9.00   , 91           , 7.56   , 86
S023      , Ramesh P            , 9.22   , 79           , 8.55   , 81           , 6.40   , 85           , 6.16   , 73           , 8.48   , 62           , 8.66   , 88           , 8.50   , 72           , 8.24   , 68
S024      , Swathi Krishnan     , 7.83   , 91           , 6.85   , 97           , 6.43   , 70           , 6.23   , 74           , 7.15   , 87           , 7.50   , 62           , 8.73   , 67           , 9.13   , 65
S025      , Vishal Nair         , 8.07   , 74           , 6.25   , 62           , 7.75   , 86           , 6.33   , 96           , 6.37   , 93           , 9.47   , 91           , 8.42   , 60           , 8.00   , 89
S026      , Keerthana S         , 7.12   , 61           , 8.16   , 88           , 8.85   , 98           , 8.84   , 71           , 8.06   , 75           , 6.62   , 69           , 8.31   , 62           , 9.36   , 68
S027      , Gokul Das           , 7.37   , 88           , 8.01   , 93           , 9.23   , 66           , 6.20   , 98           , 8.67   , 98           , 6.91   , 71           , 8.97   , 62           , 8.56   , 97
S028      , Divya Reddy         , 8.03   , 89           , 8.71   , 88           , 9.50   , 64           , 9.01   , 74           , 7.56   , 95           , 6.09   , 60           , 6.73   , 68           , 6.74   , 87
S029      , Sanjay Kumar        , 9.26   , 77           , 7.82   , 73           , 8.90   , 64           , 7.76   , 76           , 8.12   , 64           , 9.79   , 76           , 7.58   , 61           , 6.80   , 70
S030      , Meera S             , 8.35   , 93           , 9.18   , 71           , 7.85   , 74           , 8.45   , 67           , 9.75   , 71           , 7.50   , 76           , 9.49   , 65           , 6.06   , 66
S031      , Anoop T             , 7.28   , 90           , 6.48   , 82           , 9.20   , 69           , 6.23   , 80           , 9.74   , 65           , 6.84   , 91           , 8.92   , 87           , 6.87   , 73
S032      , Reshma P            , 9.26   , 89           , 6.71   , 62           , 6.50   , 78           , 8.32   , 80           , 9.30   , 86           , 9.70   , 74           , 7.87   , 87           , 6.65   , 93
S033      , Ajay V              , 6.95   , 65           , 9.21   , 77           , 7.08   , 63           , 6.44   , 90           , 8.80   , 61           , 6.59   , 66           , 6.41   , 74           , 8.76   , 88
S034      , Anjali Das          , 7.39   , 83           , 6.22   , 89           , 7.34   , 73           , 7.71   , 66           , 6.48   , 94           , 6.82   , 71           , 6.33   , 92           , 9.15   , 76
S035      , Praveen M           , 7.53   , 83           , 8.60   , 66           , 7.15   , 84           , 8.66   , 71           , 7.51   , 88           , 8.57   , 66           , 8.66   , 80           , 8.05   , 90
S036      , Harini K            , 8.25   , 73           , 8.58   , 66           , 7.40   , 95           , 9.19   , 65           , 9.19   , 81           , 9.63   , 98           , 9.76   , 79           , 8.67   , 62
S037      , Naveen Raj          , 6.77   , 86           , 9.61   , 97           , 8.93   , 82           , 7.66   , 72           , 7.76   , 89           , 8.84   , 70           , 6.02   , 70           , 8.03   , 63
S038      , Varsha Menon        , 7.54   , 79           , 7.65   , 78           , 7.63   , 98           , 8.31   , 84           , 9.75   , 98           , 8.62   , 66           , 6.77   , 69           , 7.18   , 85
S039      , Sachin B            , 8.18   , 61           , 6.74   , 72           , 8.00   , 94           , 6.69   , 81           , 7.36   , 76           , 7.16   , 75           , 9.28   , 61           , 7.61   , 62
S040      , Kripa Thomas        , 6.81   , 79           , 8.05   , 81           , 7.47   , 93           , 8.96   , 71           , 6.48   , 71           , 9.26   , 82           , 8.42   , 60           , 6.03   , 91
S041      , Aravind P           , 8.78   , 61           , 9.47   , 73           , 6.60   , 82           , 9.12   , 88           , 8.37   , 73           , 7.23   , 73           , 9.61   , 80           , 8.23   , 71
S042      , Deepa N             , 7.44   , 67           , 7.46   , 92           , 8.48   , 98           , 8.03   , 95           , 9.11   , 74           , 6.58   , 73           , 8.05   , 63           , 9.74   , 70
S043      , Vinay K             , 6.65   , 79           , 6.59   , 88           , 9.25   , 90           , 9.64   , 66           , 8.93   , 97           , 6.81   , 91           , 8.15   , 65           , 8.17   , 73
S044      , Sruthi R            , 9.15   , 73           , 8.00   , 67           , 8.31   , 95           , 7.34   , 93           , 6.33   , 81           , 7.25   , 92           , 9.12   , 87           , 9.75   , 70
S045      , Rithik S            , 9.42   , 97           , 8.44   , 96           , 8.05   , 63           , 6.50   , 97           , 7.82   , 62           , 9.21   , 80           , 6.47   , 93           , 8.14   , 68
S046      , Nimisha L           , 6.09   , 91           , 9.62   , 68           , 7.91   , 60           , 7.95   , 74           , 7.77   , 88           , 7.10   , 82           , 7.83   , 62           , 6.76   , 62
S047      , Abhinav M           , 7.06   , 63           , 9.41   , 97           , 6.32   , 63           , 8.07   , 82           , 7.77   , 84           , 8.15   , 88           , 8.38   , 92           , 9.04   , 72
S048      , Shreya Das          , 9.66   , 81           , 9.13   , 77           , 8.15   , 95           , 8.54   , 88           , 8.60   , 63           , 6.89   , 98           , 6.96   , 80           , 9.67   , 93
S049      , Kiran Joseph        , 8.58   , 87           , 9.12   , 75           , 6.81   , 82           , 8.43   , 76           , 6.34   , 94           , 6.29   , 62           , 9.04   , 72           , 8.48   , 95
S050      , Malavika P          , 7.66   , 97           , 7.53   , 83           , 6.87   , 83           , 6.13   , 70           , 8.46   , 61           , 9.24   , 80           , 7.01   , 64           , 9.54   , 88
S051      , Geetha Krishnan     , 8.25   , 77           , 8.69   , 79           , 7.81   , 80           , 7.81   , 63           , 8.72   , 69           , 8.31   , 77           , 7.69   , 70           , 8.20   , 83
S052      , Rohit Tiwari        , 7.78   , 74           , 6.94   , 72           , 7.08   , 70           , 6.34   , 86           , 6.78   , 73           , 7.11   , 67           , 6.47   , 78           , 7.24   , 66
S053      , Pooja Chatterjee    , 6.62   , 69           , 7.38   , 85           , 7.65   , 80           , 7.37   , 62           , 7.22   , 78           , 7.13   , 72           , 6.54   , 67           , 6.92   , 79
S054      , Ganesh D'Souza      , 9.62   , 79           , 9.59   , 78           , 9.06   , 91           , 9.22   , 96           , 9.41   , 86           , 9.61   , 96           , 9.17   , 88           , 9.26   , 81
S055      , Devika Ganesh       , 7.02   , 70           , 5.90   , 57           , 6.46   , 65           , 6.96   , 80           , 6.86   , 72           , 8.10   , 77           , 8.44   , 86           , 8.51   , 91
S056      , Ankit Krishnan      , 9.14   , 85           , 9.19   , 84           , 8.35   , 70           , 8.23   , 77           , 7.95   , 77           , 7.32   , 70           , 7.69   , 77           , 7.42   , 80
S057      , Dhruv Bhat          , 7.68   , 78           , 7.52   , 68           , 6.60   , 82           , 7.54   , 83           , 7.58   , 84           , 8.79   , 76           , 7.46   , 88           , 7.71   , 67
S058      , Pranav Warrier      , 5.18   , 58           , 5.35   , 79           , 5.61   , 61           , 5.37   , 64           , 4.95   , 71           , 5.60   , 58           , 5.15   , 67           , 5.76   , 79
S059      , Anish Ghosh         , 6.99   , 69           , 7.25   , 78           , 6.24   , 73           , 6.20   , 65           , 7.12   , 90           , 7.01   , 78           , 6.99   , 65           , 7.04   , 80
S060      , Mythili Dinesh      , 5.63   , 75           , 6.08   , 68           , 6.07   , 80           , 6.54   , 77           , 6.19   , 92           , 6.83   , 74           , 6.58   , 61           , 7.07   , 75
S061      , Parvathi Mukesh     , 5.05   , 61           , 5.81   , 75           , 5.78   , 70           , 6.33   , 61           , 6.46   , 73           , 6.49   , 75           , 6.44   , 65           , 6.43   , 73
S062      , Roshan Nair         , 6.50   , 76           , 6.02   , 74           , 6.62   , 77           , 6.70   , 99           , 6.91   , 79           , 6.90   , 83           , 5.93   , 77           , 6.10   , 75
S063      , Krishna Ganesh      , 8.23   , 74           , 7.58   , 75           , 7.57   , 90           , 7.10   , 76           , 6.37   , 76           , 6.83   , 63           , 6.26   , 90           , 6.14   , 85
S064      , Suresh Choudhury    , 5.96   , 67           , 6.13   , 68           , 6.37   , 74           , 5.70   , 55           , 5.77   , 76           , 5.28   , 76           , 5.64   , 71           , 6.62   , 86
S065      , Kishore Bhat        , 5.05   , 55           , 4.83   , 55           , 5.24   , 78           , 6.09   , 81           , 5.33   , 65           , 4.97   , 61           , 4.82   , 64           , 5.30   , 85
S066      , Sreekanth Gupta     , 8.89   , 99           , 8.36   , 66           , 8.34   , 80           , 7.93   , 84           , 7.86   , 81           , 7.80   , 74           , 7.88   , 77           , 6.64   , 69
S067      , Dhruv Jacob         , 7.33   , 81           , 7.03   , 69           , 7.10   , 61           , 6.89   , 64           , 6.12   , 65           , 5.81   , 78           , 4.99   , 77           , 5.13   , 62
S068      , Diya John           , 5.61   , 61           , 5.57   , 84           , 6.21   , 63           , 6.27   , 61           , 6.90   , 83           , 7.15   , 82           , 7.63   , 83           , 8.22   , 86
S069      , Swathi Chauhan      , 9.02   , 78           , 8.79   , 85           , 9.29   , 88           , 8.95   , 80           , 8.75   , 79           , 8.90   , 86           , 9.12   , 74           , 8.83   , 72
S070      , Aryan Ritesh        , 6.19   , 81           , 7.32   , 82           , 6.56   , 76           , 8.25   , 81           , 8.02   , 68           , 8.55   , 75           , 8.74   , 80           , 9.38   , 90
S071      , Mrinal Das          , 6.10   , 80           , 7.01   , 89           , 6.50   , 71           , 6.08   , 78           , 8.31   , 69           , 6.44   , 78           , 5.60   , 66           , 7.89   , 68
S072      , Vikram Patel        , 6.42   , 71           , 7.56   , 75           , 7.66   , 80           , 7.86   , 70           , 7.75   , 81           , 8.11   , 79           , 7.73   , 80           , 7.31   , 78
S073      , Sangeeth Abraham    , 7.07   , 64           , 7.09   , 79           , 7.25   , 84           , 7.27   , 88           , 7.88   , 72           , 7.28   , 73           , 6.97   , 76           , 6.32   , 87
S074      , Nandini Rao         , 6.50   , 80           , 6.79   , 59           , 6.49   , 62           , 7.31   , 60           , 7.59   , 75           , 8.24   , 86           , 7.82   , 91           , 8.80   , 84
S075      , Aryan Shetty        , 6.58   , 75           , 7.41   , 69           , 7.63   , 74           , 7.42   , 68           , 6.40   , 71           , 7.39   , 84           , 6.78   , 66           , 7.77   , 82
S076      , Sanjay Patel        , 8.38   , 76           , 8.30   , 83           , 8.51   , 81           , 8.23   , 79           , 8.37   , 86           , 8.18   , 86           , 9.13   , 81           , 8.55   , 78
S077      , Pranav Verma        , 6.47   , 71           , 7.91   , 71           , 8.05   , 67           , 7.10   , 77           , 7.52   , 71           , 7.38   , 65           , 8.77   , 78           , 7.79   , 70
S078      , Vinay Choudhury     , 9.90   , 81           , 9.66   , 86           , 9.39   , 79           , 9.83   , 78           , 9.41   , 94           , 9.13   , 99           , 9.85   , 78           , 9.55   , 92
S079      , Girish Abraham      , 8.46   , 80           , 8.51   , 75           , 8.48   , 77           , 8.39   , 87           , 8.67   , 87           , 8.40   , 74           , 8.73   , 84           , 8.64   , 89
S080      , Lakshmi Philip      , 4.79   , 69           , 5.29   , 55           , 4.75   , 63           , 4.34   , 55           , 4.41   , 56           , 5.08   , 65           , 5.16   , 58           , 4.70   , 60
S081      , Tharun Mukherjee    , 9.79   , 93           , 9.32   , 84           , 9.74   , 91           , 9.15   , 80           , 9.65   , 88           , 9.92   , 88           , 8.75   , 93           , 9.25   , 88
S082      , Reshma Reddy        , 9.15   , 95           , 9.17   , 82           , 9.41   , 70           , 9.17   , 77           , 9.38   , 71           , 9.92   , 86           , 9.56   , 87           , 9.20   , 99
S083      , Madhav Fernandez    , 8.26   , 86           , 6.74   , 91           , 7.97   , 81           , 8.23   , 83           , 7.11   , 71           , 8.42   , 75           , 8.02   , 86           , 7.64   , 71
S084      , Rahul Kaur          , 9.21   , 92           , 9.17   , 78           , 9.38   , 93           , 8.92   , 95           , 8.99   , 88           , 8.78   , 98           , 8.94   , 78           , 9.18   , 75
S085      , Harikrishna Jacob   , 8.87   , 85           , 9.86   , 95           , 9.60   , 91           , 9.39   , 88           , 9.49   , 81           , 9.07   , 89           , 10.00  , 99           , 9.45   , 98
S086      , Rijul Hegde         , 7.11   , 67           , 7.54   , 64           , 7.63   , 84           , 8.15   , 81           , 6.76   , 63           , 8.37   , 71           , 7.53   , 74           , 7.39   , 90
S087      , Sneha Iyer          , 7.06   , 73           , 7.04   , 66           , 5.83   , 89           , 7.15   , 76           , 7.06   , 75           , 7.53   , 77           , 8.10   , 82           , 7.74   , 77
S088      , Pradeep Raj         , 6.77   , 83           , 6.51   , 55           , 6.43   , 69           , 6.84   , 71           , 6.66   , 62           , 7.54   , 71           , 5.46   , 58           , 7.33   , 90
S089      , Shruti Ramesh       , 8.94   , 82           , 9.04   , 82           , 8.87   , 90           , 8.32   , 85           , 8.50   , 79           , 8.80   , 93           , 8.29   , 72           , 8.87   , 89
S090      , Reshma Rao          , 8.01   , 67           , 7.22   , 80           , 8.31   , 71           , 7.75   , 92           , 7.58   , 61           , 8.37   , 95           , 7.49   , 79           , 7.14   , 74
S091      , Nitin Mathew        , 5.55   , 57           , 5.60   , 68           , 5.89   , 56           , 6.88   , 78           , 7.57   , 93           , 7.45   , 82           , 7.39   , 73           , 7.87   , 83
S092      , Nitin Thampi        , 9.12   , 82           , 9.11   , 87           , 8.34   , 70           , 8.79   , 88           , 8.59   , 70           , 8.88   , 78           , 8.75   , 94           , 7.93   , 72
S093      , Yashasvi Ritesh     , 8.39   , 68           , 7.20   , 83           , 7.40   , 74           , 7.44   , 79           , 7.65   , 79           , 6.59   , 70           , 7.35   , 92           , 7.02   , 74
S094      , Karthik Chauhan     , 7.12   , 84           , 7.14   , 76           , 6.33   , 78           , 7.33   , 81           , 5.99   , 80           , 7.44   , 85           , 6.21   , 67           , 6.76   , 78
S095      , Jithin Tiwari       , 7.24   , 64           , 6.90   , 78           , 7.06   , 66           , 6.73   , 83           , 7.40   , 74           , 6.79   , 75           , 6.60   , 76           , 7.28   , 60
S096      , Mrinal Chauhan      , 5.57   , 64           , 6.14   , 82           , 6.20   , 83           , 6.90   , 70           , 6.69   , 70           , 7.71   , 76           , 8.37   , 71           , 7.79   , 71
S097      , Chalana Ramesh      , 6.83   , 65           , 6.97   , 77           , 7.63   , 79           , 6.35   , 75           , 7.34   , 79           , 6.74   , 93           , 6.83   , 69           , 7.19   , 71
S098      , Unnikrishnan Hegde  , 6.46   , 73           , 7.37   , 64           , 7.49   , 89           , 6.49   , 86           , 6.36   , 66           , 7.02   , 71           , 6.50   , 74           , 7.10   , 78
S099      , Jithin Achari       , 5.53   , 67           , 5.28   , 75           , 5.05   , 85           , 5.31   , 62           , 5.59   , 64           , 6.32   , 79           , 5.39   , 72           , 5.69   , 83
S100      , Kabir Singh         , 8.11   , 79           , 8.37   , 83           , 8.23   , 90           , 8.07   , 73           , 8.35   , 84           , 8.40   , 78           , 8.51   , 82           , 8.14   , 90
S101      , Ashwin Shah         , 8.84   , 86           , 8.80   , 96           , 8.38   , 81           , 9.01   , 87           , 8.98   , 89           , 9.44   , 88           , 8.69   , 79           , 8.85   , 85
S102      , Kishore Kaur        , 7.63   , 73           , 7.21   , 91           , 8.16   , 69           , 6.80   , 56           , 7.28   , 79           , 7.75   , 74           , 8.35   , 73           , 7.53   , 83
S103      , Bindu Rao           , 8.80   , 83           , 9.44   , 89           , 9.38   , 84           , 9.15   , 88           , 9.73   , 78           , 8.86   , 95           , 8.72   , 82           , 8.97   , 93
S104      , Vineeth Jacob       , 6.81   , 73           , 6.92   , 86           , 7.03   , 69           , 6.91   , 88           , 7.11   , 75           , 7.79   , 67           , 6.66   , 74           , 7.17   , 70
S105      , Hema Xavier         , 7.47   , 69           , 6.75   , 73           , 7.47   , 77           , 6.48   , 63           , 6.90   , 86           , 8.08   , 87           , 8.09   , 78           , 7.91   , 79
S106      , Rajeev Menon        , 7.15   , 86           , 6.94   , 82           , 6.78   , 74           , 7.14   , 70           , 8.18   , 86           , 7.60   , 81           , 6.99   , 82           , 7.56   , 82
S107      , Govind Fernandez    , 8.38   , 79           , 7.82   , 82           , 8.76   , 87           , 7.38   , 72           , 8.59   , 82           , 7.82   , 96           , 7.40   , 90           , 7.48   , 80
S108      , Reshma Peter        , 8.01   , 76           , 8.05   , 92           , 8.30   , 71           , 7.48   , 65           , 7.87   , 81           , 7.16   , 84           , 8.19   , 94           , 8.32   , 77
S109      , Geetha Varma        , 7.72   , 82           , 8.25   , 83           , 8.14   , 76           , 7.02   , 69           , 8.55   , 82           , 8.50   , 91           , 7.50   , 81           , 8.01   , 77
S110      , Divya Kaur          , 7.85   , 78           , 6.40   , 75           , 7.09   , 76           , 6.71   , 63           , 6.62   , 81           , 7.85   , 75           , 7.04   , 62           , 7.45   , 73
S111      , Girish Nair         , 5.77   , 66           , 5.77   , 67           , 5.78   , 68           , 6.74   , 73           , 6.07   , 76           , 6.09   , 70           , 6.33   , 77           , 6.01   , 69
S112      , Ravi Warrier        , 7.72   , 83           , 7.43   , 68           , 7.76   , 73           , 5.81   , 84           , 8.31   , 80           , 7.19   , 77           , 7.81   , 86           , 6.74   , 77
S113      , Meera Warrier       , 10.00  , 99           , 7.65   , 69           , 7.91   , 81           , 8.76   , 77           , 8.81   , 83           , 8.90   , 87           , 8.35   , 84           , 6.57   , 76
S114      , Gautam Thomas       , 5.88   , 68           , 6.36   , 72           , 6.45   , 70           , 5.49   , 67           , 6.22   , 62           , 6.26   , 59           , 5.86   , 82           , 6.53   , 65
S115      , Kiran Ghosh         , 6.85   , 55           , 6.51   , 90           , 7.99   , 68           , 7.68   , 65           , 6.83   , 82           , 8.30   , 99           , 7.66   , 89           , 7.01   , 79
S116      , Kishore Philip      , 5.99   , 77           , 6.63   , 68           , 6.85   , 58           , 7.53   , 80           , 7.74   , 90           , 7.84   , 85           , 8.29   , 76           , 8.67   , 70
S117      , Lakshmi D'Souza     , 8.39   , 77           , 8.85   , 84           , 9.24   , 89           , 8.75   , 84           , 8.73   , 93           , 8.40   , 85           , 9.10   , 83           , 8.66   , 86
S118      , Mithun Nair         , 7.99   , 94           , 7.27   , 69           , 7.28   , 78           , 7.79   , 72           , 7.79   , 96           , 7.07   , 65           , 7.82   , 83           , 7.14   , 69
S119      , Simran Potti        , 7.95   , 73           , 7.65   , 91           , 7.80   , 92           , 8.00   , 75           , 6.80   , 78           , 6.28   , 84           , 6.49   , 69           , 7.19   , 74
S120      , Anand Shah          , 9.22   , 88           , 9.09   , 92           , 9.20   , 70           , 9.03   , 88           , 9.40   , 96           , 9.16   , 76           , 9.46   , 99           , 8.93   , 88
S121      , Unnikrishnan George , 6.87   , 68           , 6.63   , 83           , 6.86   , 83           , 6.13   , 75           , 6.67   , 64           , 5.88   , 66           , 6.53   , 82           , 6.14   , 71
S122      , Priya Iyer          , 7.53   , 62           , 7.28   , 80           , 7.50   , 68           , 7.36   , 59           , 7.79   , 82           , 7.91   , 99           , 7.04   , 75           , 6.77   , 80
S123      , Priya Patel         , 8.21   , 79           , 8.03   , 74           , 9.05   , 89           , 7.84   , 72           , 8.40   , 82           , 8.45   , 82           , 7.46   , 85           , 9.12   , 89
S124      , Dev Potti           , 9.35   , 81           , 9.61   , 86           , 9.78   , 89           , 9.53   , 91           , 9.37   , 86           , 8.97   , 88           , 9.04   , 85           , 9.27   , 70
S125      , Bharath Fernandez   , 6.05   , 65           , 6.96   , 72           , 7.42   , 73           , 7.27   , 77           , 6.55   , 74           , 7.40   , 77           , 6.73   , 77           , 6.49   , 81
S126      , Hari Bose           , 6.16   , 66           , 7.90   , 58           , 6.75   , 69           , 7.32   , 79           , 6.85   , 62           , 6.53   , 74           , 7.71   , 78           , 7.82   , 83
S127      , Irfan Mehta         , 9.41   , 76           , 9.00   , 72           , 9.04   , 96           , 8.77   , 82           , 8.91   , 79           , 8.78   , 92           , 9.00   , 80           , 9.56   , 99
S128      , Ravi Xavier         , 8.84   , 87           , 7.46   , 71           , 8.13   , 96           , 7.91   , 80           , 8.41   , 79           , 8.54   , 84           , 7.78   , 68           , 7.38   , 69
S129      , Bindu Bhat          , 7.14   , 73           , 7.93   , 77           , 8.25   , 91           , 8.02   , 84           , 8.16   , 84           , 7.28   , 93           , 6.95   , 69           , 8.41   , 89
S130      , Murali Ghosh        , 9.03   , 99           , 8.01   , 71           , 8.04   , 78           , 8.58   , 80           , 7.14   , 78           , 6.67   , 79           , 6.46   , 79           , 5.54   , 63
S131      , Shreya Ramesh       , 9.49   , 90           , 8.50   , 82           , 8.80   , 83           , 7.91   , 78           , 7.86   , 85           , 7.39   , 81           , 6.36   , 72           , 6.49   , 60
S132      , Vignesh Rajesh      , 9.05   , 84           , 9.55   , 77           , 8.50   , 80           , 7.36   , 69           , 7.91   , 74           , 7.45   , 81           , 7.43   , 90           , 6.89   , 77
S133      , Madhu Mukesh        , 5.35   , 59           , 4.63   , 59           , 4.82   , 69           , 4.88   , 61           , 4.56   , 76           , 5.14   , 62           , 4.83   , 65           , 5.04   , 72
S134      , Harish Tiwari       , 6.36   , 88           , 7.75   , 88           , 6.84   , 82           , 8.40   , 86           , 6.84   , 80           , 7.21   , 71           , 7.89   , 72           , 8.12   , 80
S135      , Pooja Rao           , 9.04   , 84           , 9.12   , 84           , 8.86   , 96           , 9.28   , 91           , 8.49   , 74           , 8.78   , 98           , 8.62   , 92           , 8.27   , 86
S136      , Sreekanth Pillai    , 8.80   , 86           , 9.24   , 85           , 9.48   , 83           , 9.37   , 74           , 8.76   , 87           , 8.57   , 78           , 8.95   , 75           , 8.38   , 58
S137      , Pradeep Hegde       , 8.57   , 88           , 9.11   , 95           , 9.08   , 84           , 8.44   , 80           , 8.40   , 74           , 8.72   , 76           , 8.28   , 79           , 8.67   , 86
S138      , Aditya Reddy        , 8.39   , 82           , 7.50   , 81           , 7.63   , 65           , 7.27   , 72           , 6.43   , 78           , 8.08   , 70           , 8.01   , 82           , 7.50   , 66
S139      , Ayesha Shetty       , 7.15   , 79           , 8.54   , 88           , 7.59   , 79           , 7.55   , 74           , 8.06   , 73           , 8.53   , 83           , 7.45   , 68           , 7.99   , 56
S140      , Bharath Raj         , 9.58   , 86           , 9.72   , 99           , 8.74   , 78           , 9.14   , 79           , 9.63   , 84           , 10.00  , 82           , 9.45   , 88           , 9.23   , 99
S141      , Soumya Reddy        , 7.67   , 74           , 7.04   , 84           , 8.26   , 82           , 7.78   , 67           , 7.73   , 86           , 9.41   , 81           , 7.97   , 94           , 7.44   , 85
S142      , Lathika Yadav       , 5.17   , 61           , 6.05   , 66           , 6.76   , 76           , 7.05   , 81           , 7.53   , 76           , 7.50   , 68           , 7.96   , 73           , 8.64   , 84
S143      , Roshan Potti        , 9.08   , 90           , 8.94   , 87           , 8.09   , 82           , 8.29   , 78           , 7.75   , 81           , 7.84   , 76           , 7.59   , 79           , 7.76   , 89
S144      , Nitin D'Souza       , 5.41   , 62           , 6.24   , 67           , 6.07   , 65           , 5.63   , 55           , 6.56   , 78           , 7.40   , 87           , 7.55   , 65           , 7.38   , 86
S145      , Indira Kurup        , 8.13   , 85           , 8.13   , 76           , 7.18   , 82           , 7.59   , 67           , 6.58   , 73           , 6.39   , 87           , 6.00   , 61           , 5.38   , 61
S146      , Rahul Kurup         , 8.96   , 90           , 8.86   , 99           , 8.91   , 83           , 8.95   , 76           , 8.99   , 93           , 9.14   , 84           , 8.93   , 67           , 8.73   , 90
S147      , Abhinav Banerjee    , 5.74   , 74           , 6.19   , 75           , 6.61   , 65           , 6.47   , 81           , 6.99   , 70           , 5.84   , 75           , 6.79   , 76           , 6.02   , 84
S148      , Diya Verma          , 8.74   , 82           , 8.65   , 81           , 8.98   , 85           , 8.26   , 90           , 8.43   , 74           , 8.42   , 84           , 9.03   , 92           , 9.26   , 90
S149      , Darshan John        , 8.01   , 89           , 8.08   , 94           , 8.51   , 74           , 7.54   , 83           , 7.65   , 70           , 7.10   , 75           , 7.43   , 75           , 5.98   , 55
S150      , Bindu Mahesh        , 6.99   , 73           , 6.65   , 56           , 7.32   , 80           , 6.44   , 62           , 6.36   , 64           , 6.33   , 66           , 6.23   , 69           , 5.52   , 67
S151      , Hema Sharma         , 9.04   , 78           , 8.55   , 84           , 8.86   , 85           , 9.54   , 70           , 8.83   , 84           , 8.66   , 91           , 8.49   , 79           , 8.66   , 78
S152      , Farhan Iyer         , 7.55   , 72           , 7.04   , 77           , 7.52   , 70           , 7.90   , 61           , 7.59   , 70           , 6.86   , 71           , 7.21   , 88           , 6.83   , 70
S153      , Abhilash Peter      , 8.73   , 86           , 8.53   , 87           , 8.95   , 85           , 8.93   , 78           , 8.93   , 71           , 8.06   , 75           , 8.64   , 99           , 8.81   , 80
S154      , Gautam Tiwari       , 8.04   , 72           , 8.84   , 75           , 8.88   , 82           , 9.01   , 96           , 8.76   , 88           , 8.88   , 88           , 9.18   , 71           , 8.40   , 76
S155      , Nandini Banerjee    , 5.88   , 69           , 5.55   , 66           , 4.85   , 55           , 5.84   , 78           , 5.14   , 64           , 4.76   , 58           , 4.86   , 73           , 5.07   , 55
S156      , Mrinal Mukesh       , 5.99   , 61           , 5.04   , 62           , 5.21   , 55           , 4.77   , 61           , 5.23   , 65           , 5.04   , 67           , 5.19   , 67           , 5.39   , 74
S157      , Jithin Ganesh       , 9.43   , 92           , 9.35   , 90           , 8.37   , 67           , 8.25   , 76           , 7.95   , 73           , 8.14   , 75           , 8.42   , 80           , 8.32   , 77
S158      , Mihir Choudhury     , 6.96   , 83           , 8.32   , 97           , 7.41   , 67           , 8.07   , 84           , 8.99   , 81           , 7.49   , 76           , 6.68   , 94           , 7.81   , 67
S159      , Harikrishna Tiwari  , 8.07   , 85           , 8.18   , 77           , 8.49   , 85           , 8.00   , 79           , 8.10   , 89           , 7.75   , 78           , 8.08   , 66           , 7.77   , 88
S160      , Deepa Rajesh        , 6.51   , 76           , 7.49   , 82           , 5.74   , 73           , 8.37   , 82           , 7.33   , 75           , 6.92   , 73           , 6.78   , 72           , 6.95   , 83
S161      , Farhan Sharma       , 9.24   , 82           , 9.41   , 81           , 9.65   , 97           , 8.67   , 79           , 9.06   , 78           , 8.06   , 74           , 8.25   , 76           , 8.08   , 87
S162      , Murali Menon        , 9.39   , 80           , 9.45   , 88           , 9.36   , 80           , 9.06   , 85           , 9.45   , 74           , 9.59   , 74           , 9.41   , 85           , 9.37   , 82
S163      , Dhruv Yadav         , 9.32   , 85           , 9.49   , 81           , 9.17   , 77           , 9.24   , 80           , 9.74   , 95           , 9.31   , 81           , 9.25   , 85           , 9.33   , 92
S164      , Lekha Mahesh        , 8.37   , 96           , 7.39   , 86           , 7.53   , 79           , 7.29   , 72           , 7.35   , 83           , 6.10   , 62           , 5.19   , 69           , 5.99   , 73
S165      , Jinesh Namboothiri  , 5.70   , 61           , 5.34   , 75           , 5.53   , 67           , 4.83   , 64           , 5.26   , 63           , 5.38   , 68           , 5.33   , 73           , 5.60   , 61
S166      , Nitin Ramesh        , 5.98   , 73           , 6.24   , 70           , 6.41   , 74           , 7.09   , 70           , 6.78   , 55           , 6.75   , 72           , 7.08   , 86           , 6.58   , 80
S167      , Ayesha Mehta        , 8.96   , 83           , 9.04   , 81           , 8.69   , 83           , 8.73   , 88           , 8.48   , 70           , 8.57   , 64           , 8.85   , 79           , 9.03   , 75
S168      , Vinay Nair          , 6.35   , 77           , 7.30   , 67           , 6.74   , 61           , 6.73   , 80           , 6.89   , 77           , 6.01   , 62           , 7.10   , 68           , 6.54   , 81
S169      , Vishal Chauhan      , 4.93   , 70           , 5.55   , 63           , 5.16   , 63           , 5.53   , 59           , 5.07   , 55           , 5.23   , 64           , 5.31   , 85           , 4.89   , 70
S170      , Girish Nambiar      , 8.97   , 90           , 9.13   , 90           , 8.61   , 80           , 9.30   , 81           , 9.18   , 86           , 9.18   , 98           , 9.10   , 75           , 8.97   , 73
S171      , Bindu Potti         , 8.85   , 83           , 8.82   , 70           , 8.85   , 82           , 8.87   , 97           , 8.73   , 83           , 9.25   , 88           , 8.32   , 71           , 8.55   , 77
S172      , Kishore Banerjee    , 9.03   , 78           , 8.81   , 73           , 8.31   , 79           , 8.71   , 87           , 8.79   , 91           , 8.98   , 84           , 9.11   , 82           , 8.34   , 82
S173      , Sangeeth Bhat       , 8.26   , 79           , 9.13   , 96           , 8.03   , 62           , 8.56   , 95           , 9.11   , 74           , 8.51   , 80           , 8.45   , 78           , 8.40   , 86
S174      , Avinash D'Souza     , 4.89   , 59           , 6.95   , 78           , 8.52   , 97           , 5.13   , 64           , 6.68   , 79           , 5.83   , 58           , 6.92   , 66           , 6.51   , 76
S175      , Ayesha Mathew       , 5.92   , 66           , 6.04   , 69           , 5.54   , 84           , 6.29   , 69           , 6.40   , 69           , 5.86   , 64           , 5.86   , 75           , 6.15   , 69
S176      , Avinash Sharma      , 5.46   , 55           , 7.43   , 84           , 7.53   , 67           , 5.51   , 73           , 4.50   , 62           , 7.12   , 67           , 5.43   , 63           , 6.90   , 79
S177      , Jasmine Warrier     , 9.43   , 86           , 5.89   , 81           , 9.07   , 73           , 7.56   , 77           , 6.56   , 62           , 6.12   , 73           , 7.26   , 83           , 8.38   , 78
S178      , Mithun Kaur         , 5.30   , 55           , 6.71   , 76           , 6.83   , 70           , 6.81   , 73           , 7.22   , 78           , 6.07   , 66           , 6.95   , 69           , 7.20   , 76
S179      , Avinash Achari      , 5.48   , 76           , 5.48   , 59           , 7.24   , 72           , 5.42   , 70           , 7.23   , 82           , 7.03   , 73           , 4.84   , 59           , 5.89   , 80
S180      , Deepak Jain         , 5.86   , 77           , 5.50   , 59           , 5.49   , 64           , 6.03   , 72           , 5.99   , 85           , 6.38   , 96           , 6.08   , 75           , 5.22   , 64
S181      , Bharath Rao         , 9.18   , 75           , 8.50   , 72           , 8.54   , 91           , 8.12   , 88           , 7.28   , 81           , 7.29   , 77           , 6.50   , 55           , 6.51   , 71
S182      , Prateek Ramesh      , 9.07   , 99           , 9.72   , 88           , 9.27   , 84           , 9.42   , 89           , 9.52   , 89           , 8.99   , 96           , 9.34   , 78           , 9.68   , 86
S183      , Arjun Patel         , 8.06   , 77           , 7.40   , 78           , 7.62   , 63           , 7.19   , 79           , 6.93   , 66           , 5.93   , 58           , 6.55   , 60           , 5.94   , 78
S184      , Ayush Cherian       , 5.36   , 77           , 6.16   , 79           , 6.70   , 64           , 6.06   , 74           , 6.37   , 84           , 6.69   , 69           , 7.17   , 73           , 7.16   , 71
S185      , Shruti Chauhan      , 6.48   , 65           , 7.19   , 70           , 7.90   , 65           , 6.84   , 73           , 6.83   , 81           , 8.00   , 69           , 6.59   , 73           , 6.32   , 74
S186      , Nikhil Mathew       , 8.55   , 70           , 8.63   , 90           , 8.63   , 88           , 8.33   , 69           , 9.03   , 83           , 8.95   , 86           , 8.93   , 97           , 8.88   , 90
S187      , Priya Chauhan       , 5.33   , 59           , 5.21   , 64           , 5.19   , 68           , 4.67   , 64           , 5.27   , 55           , 5.52   , 64           , 5.16   , 79           , 5.48   , 63
S188      , Yashasvi Bose       , 9.56   , 99           , 9.48   , 84           , 9.33   , 99           , 8.80   , 91           , 9.20   , 89           , 9.26   , 89           , 8.88   , 73           , 8.83   , 85
S189      , Sarath Ritesh       , 6.05   , 76           , 6.67   , 71           , 5.91   , 78           , 5.74   , 73           , 6.05   , 87           , 6.29   , 65           , 5.30   , 73           , 6.10   , 62
S190      , Shruti Reddy        , 7.43   , 79           , 7.26   , 73           , 6.92   , 88           , 6.28   , 63           , 6.82   , 68           , 7.17   , 71           , 7.56   , 82           , 7.16   , 67
S191      , Akash Ritesh        , 9.01   , 88           , 8.55   , 87           , 8.03   , 84           , 7.76   , 76           , 8.72   , 82           , 7.76   , 81           , 6.49   , 73           , 6.14   , 55
S192      , Farhan Reddy        , 7.96   , 83           , 7.34   , 81           , 8.37   , 98           , 10.00  , 80           , 8.56   , 86           , 7.88   , 71           , 9.11   , 89           , 8.67   , 76
S193      , Mrinal Bhat         , 7.16   , 95           , 7.14   , 79           , 6.05   , 59           , 6.70   , 68           , 6.32   , 79           , 6.05   , 86           , 6.57   , 60           , 6.52   , 57
S194      , Kiran Chauhan       , 7.11   , 68           , 7.81   , 81           , 6.23   , 63           , 7.55   , 74           , 7.71   , 70           , 8.01   , 85           , 7.04   , 82           , 7.59   , 76
S195      , Indira Paul         , 7.11   , 78           , 7.24   , 79           , 8.57   , 82           , 6.71   , 83           , 7.99   , 88           , 7.76   , 73           , 7.40   , 66           , 8.14   , 79
S196      , Bharath Tiwari      , 9.20   , 84           , 8.71   , 78           , 8.54   , 80           , 8.65   , 94           , 8.18   , 72           , 7.71   , 73           , 7.45   , 67           , 6.87   , 62
S197      , Varsha Nambiar      , 9.40   , 98           , 8.78   , 87           , 9.26   , 92           , 9.16   , 90           , 8.81   , 74           , 9.50   , 87           , 8.95   , 93           , 9.32   , 98
S198      , Krishna Rajesh      , 5.36   , 58           , 5.67   , 71           , 5.84   , 83           , 6.13   , 68           , 6.87   , 67           , 6.91   , 69           , 6.86   , 65           , 7.38   , 70
S199      , Mythili Thomas      , 7.15   , 67           , 7.59   , 85           , 6.68   , 74           , 7.90   , 83           , 7.39   , 67           , 7.65   , 71           , 6.81   , 78           , 7.56   , 70
S200      , Mithun Menon        , 7.82   , 71           , 6.78   , 58           , 7.67   , 81           , 7.71   , 66           , 7.04   , 75           , 7.68   , 76           , 7.52   , 83           , 7.12   , 73
S201      , Sarath Gupta        , 7.99   , 79           , 7.97   , 75           , 7.09   , 85           , 6.97   , 70           , 6.93   , 60           , 5.83   , 74           , 5.84   , 59           , 5.41   , 72
S202      , Ishaan Chauhan      , 9.66   , 99           , 9.45   , 83           , 9.59   , 77           , 9.87   , 84           , 9.55   , 93           , 9.36   , 88           , 9.75   , 87           , 9.79   , 93
S203      , Govind Gupta        , 7.38   , 81           , 7.09   , 74           , 7.16   , 75           , 7.62   , 67           , 6.78   , 82           , 6.49   , 81           , 7.41   , 66           , 7.40   , 83
S204      , Kishore Dubey       , 8.77   , 90           , 9.25   , 90           , 9.02   , 77           , 9.68   , 99           , 9.42   , 78           , 9.28   , 83           , 9.29   , 73           , 9.54   , 92
S205      , Sahana Mukherjee    , 5.72   , 72           , 8.57   , 80           , 6.65   , 71           , 7.31   , 78           , 8.39   , 74           , 7.72   , 86           , 7.79   , 81           , 8.26   , 81
S206      , Suresh Mukherjee    , 7.68   , 64           , 7.53   , 75           , 7.94   , 66           , 7.93   , 75           , 7.44   , 72           , 7.68   , 86           , 7.44   , 69           , 7.42   , 71
S207      , Jyothi Pandey       , 9.17   , 96           , 8.41   , 84           , 8.64   , 85           , 8.86   , 75           , 9.02   , 75           , 8.64   , 83           , 8.18   , 69           , 8.71   , 89
S208      , Athira Singh        , 5.68   , 65           , 6.43   , 78           , 6.03   , 79           , 5.46   , 68           , 6.89   , 64           , 7.44   , 73           , 7.19   , 89           , 6.96   , 74
S209      , Bindu Choudhury     , 7.01   , 77           , 7.74   , 68           , 7.09   , 72           , 7.75   , 99           , 6.96   , 64           , 6.24   , 76           , 6.98   , 58           , 7.40   , 83
S210      , Aryan Nair          , 4.27   , 61           , 4.90   , 68           , 4.42   , 59           , 4.50   , 55           , 4.96   , 60           , 4.61   , 72           , 4.93   , 65           , 4.71   , 56
S211      , Sreedevi Bose       , 8.71   , 78           , 9.08   , 89           , 8.73   , 66           , 8.23   , 76           , 7.79   , 78           , 7.52   , 70           , 7.77   , 71           , 7.76   , 73
S212      , Ravi Kaur           , 6.74   , 70           , 6.80   , 77           , 7.56   , 78           , 8.09   , 63           , 6.49   , 78           , 7.61   , 79           , 7.60   , 82           , 8.56   , 99
S213      , Elsa Ganesh         , 7.91   , 67           , 9.05   , 91           , 8.45   , 78           , 8.62   , 74           , 8.52   , 78           , 8.41   , 92           , 8.36   , 77           , 8.63   , 86
S214      , Akash Shah          , 5.62   , 72           , 5.75   , 70           , 5.85   , 74           , 6.38   , 60           , 7.33   , 67           , 7.20   , 85           , 7.27   , 79           , 7.45   , 81
S215      , Deepa Joshi         , 7.42   , 73           , 7.44   , 67           , 6.38   , 63           , 6.28   , 73           , 6.87   , 73           , 6.52   , 76           , 6.51   , 59           , 6.30   , 71
S216      , Mythili Raj         , 7.91   , 65           , 7.90   , 67           , 7.93   , 77           , 7.58   , 82           , 7.78   , 70           , 7.84   , 86           , 7.81   , 75           , 6.93   , 70
S217      , Varsha Mishra       , 7.26   , 77           , 8.00   , 71           , 7.11   , 73           , 6.22   , 76           , 7.54   , 84           , 6.33   , 81           , 6.54   , 87           , 7.03   , 81
S218      , Darshan Bose        , 8.26   , 73           , 8.05   , 80           , 7.33   , 78           , 8.29   , 71           , 7.69   , 81           , 7.09   , 74           , 6.62   , 57           , 6.23   , 64
S219      , Arjun George        , 8.43   , 81           , 9.12   , 96           , 8.72   , 73           , 8.15   , 69           , 8.70   , 78           , 8.09   , 88           , 8.88   , 72           , 8.41   , 59
S220      , Vaibhav Kumar       , 8.11   , 80           , 7.81   , 74           , 7.07   , 66           , 6.27   , 68           , 6.90   , 75           , 6.40   , 72           , 6.28   , 85           , 6.56   , 76
S221      , Theertha Mukherjee  , 9.00   , 88           , 8.65   , 86           , 8.97   , 72           , 9.06   , 96           , 8.85   , 80           , 8.73   , 81           , 8.26   , 72           , 9.26   , 72
S222      , Rajan Gupta         , 5.75   , 68           , 5.54   , 55           , 5.67   , 71           , 5.68   , 66           , 5.34   , 77           , 5.70   , 79           , 5.88   , 81           , 6.22   , 66
S223      , Tharun Mahesh       , 8.33   , 87           , 7.26   , 74           , 7.37   , 82           , 7.65   , 74           , 7.59   , 96           , 8.14   , 59           , 7.40   , 82           , 8.10   , 66
S224      , Kishore Yadav       , 7.31   , 86           , 6.21   , 79           , 7.21   , 79           , 5.97   , 60           , 7.23   , 70           , 6.32   , 63           , 6.60   , 55           , 6.39   , 82
S225      , Lakshmi Agarwal     , 9.12   , 80           , 8.53   , 81           , 8.42   , 82           , 8.60   , 78           , 8.33   , 78           , 8.77   , 83           , 8.56   , 81           , 8.52   , 82
S226      , Amrutha Krishnan    , 4.85   , 71           , 6.21   , 55           , 5.92   , 68           , 6.28   , 66           , 6.68   , 76           , 6.22   , 74           , 6.96   , 69           , 6.93   , 68
S227      , Meera Antony        , 5.70   , 73           , 6.42   , 55           , 7.10   , 77           , 6.83   , 64           , 7.33   , 81           , 7.34   , 82           , 7.13   , 74           , 7.80   , 77
S228      , Amrutha Tiwari      , 7.89   , 76           , 6.61   , 77           , 7.83   , 75           , 6.61   , 61           , 7.30   , 82           , 6.47   , 63           , 7.30   , 80           , 6.88   , 82
S229      , Reshma Kaur         , 8.02   , 98           , 8.51   , 77           , 7.38   , 64           , 7.86   , 64           , 7.62   , 83           , 7.70   , 63           , 6.66   , 70           , 6.81   , 77
S230      , Gautam Jacob        , 7.95   , 89           , 9.00   , 75           , 6.77   , 87           , 7.05   , 87           , 6.95   , 80           , 8.55   , 97           , 8.62   , 69           , 8.17   , 76
S231      , Annapurna Kurup     , 5.56   , 66           , 5.24   , 70           , 5.78   , 66           , 6.68   , 73           , 7.17   , 74           , 7.27   , 73           , 7.42   , 77           , 7.14   , 73
S232      , Parvathi Ghosh      , 7.05   , 76           , 6.89   , 68           , 7.43   , 82           , 7.36   , 74           , 8.13   , 72           , 8.30   , 79           , 6.94   , 66           , 7.32   , 84
S233      , Gopika Paul         , 7.60   , 87           , 7.62   , 91           , 8.14   , 90           , 8.13   , 70           , 7.49   , 61           , 7.67   , 84           , 7.87   , 73           , 6.98   , 77
S234      , Shiva Shetty        , 7.40   , 77           , 7.73   , 71           , 6.94   , 86           , 7.21   , 63           , 7.61   , 66           , 7.44   , 72           , 7.90   , 77           , 8.98   , 79
S235      , Pooja Krishnan      , 8.67   , 92           , 8.76   , 92           , 9.00   , 78           , 8.70   , 80           , 8.51   , 75           , 8.98   , 87           , 8.43   , 96           , 8.19   , 86
S236      , Nandini Ramesh      , 6.75   , 73           , 6.53   , 64           , 6.52   , 81           , 7.49   , 96           , 8.47   , 83           , 7.78   , 71           , 8.41   , 69           , 9.09   , 87
S237      , Soumya Choudhury    , 6.14   , 81           , 5.90   , 58           , 5.70   , 57           , 6.47   , 71           , 6.51   , 76           , 5.52   , 81           , 6.78   , 79           , 6.37   , 69
S238      , Bharath Choudhury   , 8.51   , 78           , 9.18   , 83           , 8.53   , 86           , 9.30   , 87           , 8.73   , 78           , 9.29   , 85           , 9.02   , 85           , 8.77   , 66
S239      , Tanvi Achari        , 8.81   , 87           , 8.65   , 84           , 8.62   , 82           , 8.75   , 74           , 8.95   , 96           , 9.74   , 99           , 9.00   , 71           , 9.21   , 77
S240      , Zara Fernandez      , 9.04   , 78           , 8.67   , 83           , 9.54   , 94           , 9.25   , 87           , 8.96   , 72           , 9.20   , 79           , 9.22   , 85           , 8.72   , 82
S241      , Soumya Krishnan     , 7.65   , 81           , 8.14   , 60           , 8.53   , 88           , 7.19   , 76           , 7.64   , 76           , 7.68   , 94           , 7.49   , 72           , 7.34   , 73
S242      , Govind Chauhan      , 7.19   , 79           , 7.39   , 80           , 7.89   , 65           , 7.57   , 86           , 6.82   , 76           , 7.20   , 87           , 7.16   , 79           , 7.43   , 85
S243      , Meera Chauhan       , 5.92   , 57           , 6.40   , 73           , 6.03   , 65           , 6.98   , 76           , 7.50   , 67           , 8.09   , 78           , 8.21   , 76           , 8.21   , 76
S244      , Annapurna Gupta     , 6.72   , 74           , 5.33   , 60           , 5.39   , 75           , 6.41   , 73           , 6.48   , 76           , 6.67   , 73           , 6.21   , 87           , 6.58   , 77
S245      , Divya Paul          , 9.30   , 80           , 9.69   , 89           , 8.95   , 75           , 9.48   , 99           , 9.54   , 66           , 9.49   , 84           , 9.35   , 87           , 9.14   , 89
S246      , Shruti Naresh       , 5.36   , 65           , 5.70   , 65           , 6.24   , 80           , 6.18   , 65           , 6.85   , 74           , 7.64   , 78           , 7.55   , 73           , 7.55   , 66
S247      , Lalu Shah           , 8.22   , 74           , 7.70   , 81           , 8.58   , 93           , 7.53   , 59           , 8.82   , 88           , 7.09   , 55           , 8.18   , 73           , 8.21   , 94
S248      , Vineeth Banerjee    , 8.48   , 81           , 8.31   , 71           , 8.60   , 99           , 9.28   , 99           , 8.11   , 85           , 8.34   , 75           , 9.11   , 85           , 9.22   , 84
S249      , Rakesh Kumar        , 6.06   , 84           , 6.74   , 61           , 6.62   , 58           , 6.95   , 75           , 6.84   , 74           , 8.05   , 78           , 7.33   , 84           , 7.52   , 70
S250      , Divya Nair          , 8.82   , 91           , 9.07   , 86           , 9.34   , 96           , 9.72   , 91           , 9.26   , 98           , 8.33   , 78           , 9.07   , 86           , 9.10   , 92
S251      , Manu Fernandez      , 8.58   , 70           , 8.54   , 83           , 8.93   , 78           , 8.22   , 68           , 8.30   , 92           , 9.33   , 96           , 8.55   , 81           , 8.83   , 92
S252      , Naveen Abraham      , 6.02   , 70           , 5.91   , 78           , 6.09   , 61           , 5.68   , 74           , 5.72   , 74           , 6.01   , 76           , 5.64   , 61           , 5.68   , 55
S253      , Darshan Rao         , 8.24   , 84           , 8.06   , 73           , 8.47   , 86           , 7.61   , 91           , 8.34   , 81           , 8.49   , 70           , 7.92   , 74           , 8.17   , 66
S254      , Soumya Mathew       , 5.79   , 56           , 5.42   , 57           , 5.66   , 68           , 5.74   , 62           , 6.03   , 67           , 6.02   , 66           , 6.53   , 80           , 5.71   , 63
S255      , Haritha Thomas      , 8.25   , 82           , 7.90   , 97           , 7.46   , 74           , 6.62   , 67           , 6.56   , 75           , 6.24   , 73           , 5.72   , 78           , 4.59   , 55
S256      , Kiran George        , 6.50   , 70           , 6.49   , 86           , 7.19   , 73           , 7.22   , 84           , 8.18   , 83           , 8.71   , 80           , 8.91   , 73           , 9.01   , 86
S257      , Abhinav Joseph      , 6.21   , 66           , 6.06   , 72           , 6.64   , 80           , 7.09   , 73           , 7.57   , 86           , 7.86   , 90           , 8.13   , 73           , 8.06   , 73
S258      , Abhilash Varma      , 6.22   , 79           , 8.10   , 79           , 7.17   , 99           , 6.79   , 92           , 5.31   , 65           , 5.43   , 66           , 7.03   , 83           , 4.61   , 76
S259      , Hari Banerjee       , 6.82   , 57           , 7.42   , 78           , 7.38   , 83           , 7.67   , 77           , 6.53   , 68           , 5.98   , 68           , 7.56   , 74           , 6.72   , 62
S260      , Ayush Jacob         , 6.14   , 82           , 6.76   , 62           , 6.66   , 68           , 6.58   , 75           , 6.00   , 80           , 6.41   , 68           , 5.41   , 61           , 6.59   , 57
S261      , Manoj Thomas        , 5.63   , 60           , 5.51   , 77           , 5.65   , 73           , 5.51   , 63           , 5.19   , 73           , 5.85   , 65           , 5.61   , 61           , 5.52   , 61
S262      , Abhilash Nair       , 8.16   , 72           , 8.83   , 74           , 8.14   , 84           , 8.32   , 77           , 8.06   , 82           , 8.66   , 76           , 8.64   , 84           , 8.59   , 93
S263      , Saranya Nambiar     , 9.63   , 80           , 9.33   , 78           , 9.53   , 76           , 9.38   , 74           , 9.46   , 77           , 9.36   , 88           , 9.41   , 79           , 9.52   , 91
S264      , Nikitha Naresh      , 7.58   , 74           , 7.66   , 77           , 6.76   , 70           , 7.47   , 67           , 6.83   , 70           , 7.30   , 78           , 6.62   , 72           , 6.36   , 73
S265      , Simran Hitesh       , 5.38   , 69           , 5.75   , 60           , 6.31   , 68           , 6.86   , 83           , 6.47   , 70           , 6.87   , 71           , 7.12   , 69           , 8.42   , 73
S266      , Elsa Rajesh         , 5.31   , 57           , 6.26   , 80           , 5.51   , 68           , 5.92   , 64           , 6.27   , 66           , 5.64   , 57           , 5.57   , 63           , 6.02   , 67
S267      , Nitin Achari        , 7.38   , 68           , 6.94   , 62           , 6.99   , 69           , 7.14   , 85           , 6.29   , 79           , 6.27   , 73           , 5.12   , 55           , 5.34   , 65
S268      , Dev Nambiar         , 6.48   , 68           , 6.65   , 81           , 6.79   , 83           , 6.28   , 69           , 7.84   , 88           , 7.82   , 74           , 8.74   , 84           , 8.65   , 87
S269      , Lathika Antony      , 6.01   , 74           , 6.56   , 66           , 7.58   , 66           , 7.06   , 77           , 8.35   , 89           , 8.07   , 73           , 9.04   , 73           , 8.48   , 81
S270      , Shreya Hegde        , 7.70   , 76           , 8.34   , 79           , 8.74   , 91           , 7.73   , 82           , 9.64   , 78           , 8.01   , 81           , 7.44   , 82           , 6.18   , 83
S271      , Naveen Mishra       , 5.50   , 76           , 6.88   , 73           , 6.80   , 80           , 7.49   , 74           , 8.20   , 81           , 8.08   , 79           , 8.12   , 77           , 9.64   , 91
S272      , Anish Kumar         , 6.91   , 79           , 7.67   , 77           , 6.16   , 73           , 7.01   , 76           , 7.06   , 61           , 5.81   , 70           , 6.95   , 71           , 7.19   , 70
S273      , Chirag Ritesh       , 6.77   , 82           , 7.52   , 89           , 8.08   , 78           , 6.60   , 93           , 7.39   , 60           , 7.41   , 79           , 6.71   , 62           , 7.54   , 78
S274      , Aswathy Banerjee    , 5.95   , 55           , 5.24   , 63           , 5.15   , 78           , 5.81   , 71           , 5.52   , 60           , 6.70   , 73           , 5.95   , 69           , 6.92   , 78
S275      , Vineeth Thampi      , 4.00   , 59           , 4.72   , 58           , 4.78   , 60           , 5.23   , 71           , 4.98   , 60           , 4.41   , 61           , 4.58   , 80           , 5.05   , 55
S276      , Zara Tiwari         , 4.89   , 55           , 5.04   , 55           , 4.85   , 57           , 5.06   , 72           , 5.80   , 73           , 5.49   , 65           , 5.51   , 67           , 4.60   , 57
S277      , Kavya Nair          , 8.45   , 84           , 7.96   , 75           , 8.13   , 81           , 8.13   , 86           , 7.07   , 77           , 7.08   , 67           , 7.21   , 72           , 5.83   , 80
S278      , Gautam Ganesh       , 8.46   , 86           , 8.50   , 76           , 7.64   , 65           , 7.35   , 75           , 7.24   , 72           , 6.87   , 75           , 5.94   , 66           , 6.32   , 55
S279      , Parvathi Agarwal    , 9.37   , 93           , 9.39   , 87           , 9.67   , 97           , 9.28   , 83           , 9.99   , 81           , 8.91   , 95           , 9.88   , 88           , 9.42   , 88
S280      , Madhu Hitesh        , 7.85   , 78           , 7.26   , 78           , 7.49   , 75           , 7.59   , 88           , 6.80   , 72           , 7.16   , 77           , 8.23   , 90           , 7.99   , 73
S281      , Ashwin Tiwari       , 8.23   , 88           , 7.23   , 77           , 7.29   , 78           , 6.47   , 63           , 7.18   , 68           , 6.89   , 88           , 7.11   , 69           , 7.34   , 89
S282      , Haritha Ritesh      , 7.05   , 80           , 7.15   , 88           , 6.46   , 75           , 6.32   , 74           , 6.48   , 60           , 6.68   , 55           , 6.96   , 77           , 6.51   , 71
S283      , Ishaan Hitesh       , 4.64   , 58           , 5.12   , 66           , 4.70   , 63           , 4.37   , 65           , 5.06   , 63           , 4.58   , 55           , 4.88   , 60           , 4.48   , 68
S284      , Mithun Mathew       , 8.92   , 84           , 8.42   , 84           , 8.17   , 95           , 8.58   , 80           , 8.48   , 84           , 8.34   , 77           , 8.58   , 76           , 8.78   , 79
S285      , Elsa Warrier        , 8.38   , 92           , 8.63   , 63           , 9.23   , 67           , 8.31   , 77           , 8.40   , 90           , 8.50   , 69           , 8.64   , 59           , 8.60   , 87
S286      , Chalana Mukesh      , 8.06   , 73           , 7.39   , 67           , 7.45   , 75           , 7.45   , 72           , 7.99   , 86           , 7.63   , 63           , 8.19   , 81           , 6.51   , 77
S287      , Krishna Kurup       , 9.31   , 75           , 8.61   , 87           , 8.85   , 99           , 8.22   , 84           , 8.04   , 82           , 9.01   , 85           , 8.76   , 71           , 9.11   , 96
S288      , Fathima Chauhan     , 4.96   , 58           , 4.88   , 58           , 5.82   , 55           , 6.67   , 73           , 6.57   , 55           , 7.22   , 80           , 7.41   , 77           , 7.14   , 79
S289      , Rajan Choudhury     , 7.86   , 85           , 7.81   , 76           , 6.81   , 73           , 7.27   , 80           , 6.40   , 74           , 5.79   , 55           , 6.11   , 61           , 5.32   , 74
S290      , Manu Potti          , 4.53   , 64           , 4.87   , 64           , 5.49   , 73           , 5.05   , 56           , 5.62   , 74           , 6.00   , 82           , 5.96   , 71           , 5.91   , 64
S291      , Priya Choudhury     , 8.85   , 90           , 9.30   , 99           , 9.05   , 82           , 9.46   , 81           , 8.96   , 78           , 8.99   , 79           , 8.93   , 97           , 8.76   , 78
S292      , Ebin Reddy          , 7.20   , 87           , 7.02   , 66           , 6.48   , 69           , 6.60   , 71           , 7.82   , 65           , 7.07   , 68           , 7.10   , 83           , 7.10   , 81
S293      , Sai Yadav           , 7.48   , 75           , 6.82   , 59           , 8.18   , 87           , 8.27   , 66           , 8.26   , 82           , 8.52   , 90           , 7.93   , 82           , 8.50   , 99
S294      , Rijul Antony        , 8.14   , 75           , 8.71   , 86           , 8.74   , 88           , 8.33   , 86           , 8.39   , 78           , 8.48   , 84           , 8.40   , 90           , 8.70   , 87
S295      , Siddharth D'Souza   , 6.48   , 75           , 4.80   , 57           , 5.83   , 65           , 5.66   , 71           , 5.74   , 69           , 5.47   , 75           , 5.95   , 61           , 5.07   , 64
S296      , Deepak Chatterjee   , 6.41   , 67           , 6.68   , 76           , 6.07   , 63           , 5.99   , 77           , 6.47   , 61           , 6.18   , 80           , 6.68   , 75           , 6.38   , 70
S297      , Keerthi Shetty      , 9.43   , 95           , 9.35   , 83           , 9.60   , 85           , 9.59   , 99           , 9.30   , 85           , 8.94   , 79           , 9.03   , 91           , 9.18   , 85
S298      , Vineeth Joshi       , 4.82   , 56           , 5.14   , 73           , 5.10   , 59           , 5.22   , 63           , 4.25   , 58           , 4.99   , 65           , 5.57   , 75           , 5.63   , 70
S299      , Nitin Rao           , 8.48   , 71           , 7.89   , 81           , 7.58   , 82           , 7.70   , 83           , 7.56   , 62           , 6.74   , 67           , 6.40   , 64           , 6.38   , 72
S300      , Aswathy Mahesh      , 5.70   , 77           , 5.96   , 56           , 6.43   , 78           , 6.42   , 83           , 6.92   , 87           , 6.94   , 78           , 7.21   , 67           , 8.00   , 85
S301      , Soumya D'Souza      , 6.88   , 79           , 6.29   , 75           , 6.12   , 77           , 6.92   , 63           , 7.62   , 79           , 7.31   , 75           , 7.04   , 75           , 7.18   , 72
S302      , Hema Dinesh         , 9.05   , 75           , 9.02   , 90           , 9.47   , 91           , 9.21   , 78           , 9.07   , 97           , 9.10   , 89           , 9.21   , 81           , 9.70   , 73
S303      , Ayesha Mukherjee    , 7.46   , 79           , 7.45   , 71           , 8.41   , 81           , 7.00   , 78           , 8.13   , 81           , 7.88   , 82           , 8.22   , 73           , 7.83   , 74
S304      , Ayush Daniel        , 7.32   , 84           , 6.46   , 84           , 6.07   , 78           , 6.91   , 73           , 7.31   , 86           , 6.01   , 72           , 7.63   , 86           , 6.85   , 83
S305      , Anil Jacob          , 7.37   , 63           , 9.26   , 70           , 8.28   , 89           , 8.60   , 76           , 8.59   , 84           , 8.55   , 81           , 9.99   , 82           , 7.10   , 82
S306      , Jasmine Nair        , 8.84   , 89           , 8.98   , 75           , 8.48   , 95           , 9.03   , 72           , 9.20   , 84           , 8.34   , 85           , 8.85   , 78           , 8.68   , 76
S307      , Tharun Thomas       , 6.43   , 68           , 6.77   , 83           , 6.27   , 69           , 6.56   , 67           , 6.23   , 71           , 6.09   , 71           , 6.32   , 62           , 6.23   , 68
S308      , Vishal Dinesh       , 7.71   , 72           , 7.88   , 83           , 8.78   , 94           , 8.19   , 69           , 9.28   , 84           , 8.04   , 75           , 9.83   , 90           , 7.59   , 78
S309      , Mrinal D'Souza      , 8.41   , 76           , 7.57   , 72           , 8.19   , 73           , 7.84   , 88           , 8.59   , 72           , 6.99   , 75           , 7.14   , 73           , 8.64   , 91
S310      , Parvathi Potti      , 5.24   , 59           , 5.32   , 72           , 6.05   , 73           , 4.87   , 74           , 6.07   , 65           , 6.26   , 65           , 6.35   , 80           , 7.33   , 80
S311      , Parvathi Dubey      , 7.08   , 81           , 7.31   , 77           , 6.55   , 70           , 5.43   , 78           , 7.15   , 80           , 6.28   , 84           , 5.88   , 58           , 5.47   , 67
S312      , Divya Potti         , 6.74   , 75           , 7.18   , 69           , 6.89   , 86           , 7.18   , 73           , 7.22   , 71           , 7.95   , 75           , 6.71   , 79           , 6.40   , 70
S313      , Anjali Daniel       , 5.20   , 74           , 6.29   , 83           , 5.96   , 60           , 6.67   , 67           , 6.49   , 79           , 7.51   , 86           , 7.91   , 74           , 8.16   , 74
S314      , Sreekanth Ramesh    , 6.48   , 60           , 6.49   , 80           , 6.97   , 85           , 7.25   , 71           , 7.33   , 73           , 6.86   , 84           , 6.87   , 73           , 7.18   , 80
S315      , Lekha Hitesh        , 5.51   , 73           , 6.34   , 72           , 6.68   , 81           , 7.07   , 79           , 7.38   , 77           , 7.75   , 76           , 9.00   , 84           , 8.99   , 59
S316      , Hari Fernandez      , 9.66   , 81           , 9.19   , 86           , 8.83   , 73           , 9.17   , 91           , 8.87   , 88           , 9.33   , 90           , 9.27   , 86           , 9.47   , 90
S317      , Anish Suresh        , 7.70   , 74           , 7.09   , 77           , 7.20   , 64           , 7.68   , 88           , 8.18   , 75           , 7.50   , 83           , 7.51   , 67           , 7.43   , 82
S318      , Anish Patel         , 6.40   , 82           , 6.91   , 74           , 6.72   , 73           , 6.67   , 79           , 7.45   , 77           , 7.22   , 81           , 7.62   , 86           , 8.09   , 77
S319      , Chalana Chatterjee  , 7.81   , 78           , 7.19   , 87           , 7.04   , 69           , 7.79   , 76           , 7.16   , 68           , 6.16   , 66           , 6.46   , 57           , 7.42   , 74
S320      , Harikrishna Jain    , 9.47   , 99           , 9.37   , 84           , 8.60   , 88           , 8.21   , 73           , 8.79   , 83           , 8.94   , 82           , 8.56   , 77           , 8.58   , 92
S321      , Ashwin Chauhan      , 4.77   , 69           , 5.08   , 63           , 4.77   , 55           , 5.26   , 68           , 4.53   , 70           , 5.37   , 77           , 4.90   , 61           , 4.38   , 63
S322      , Vinay Joseph        , 8.52   , 81           , 8.95   , 77           , 8.26   , 82           , 8.36   , 86           , 8.25   , 79           , 8.07   , 91           , 8.58   , 76           , 8.98   , 82
S323      , Nitin Ritesh        , 8.15   , 81           , 9.71   , 87           , 8.75   , 79           , 8.37   , 75           , 8.48   , 76           , 8.64   , 72           , 7.87   , 78           , 7.65   , 64
S324      , Sneha Peter         , 8.05   , 69           , 7.72   , 82           , 9.50   , 82           , 8.66   , 91           , 7.36   , 84           , 8.10   , 91           , 7.68   , 71           , 7.47   , 81
S325      , Ayush Pandey        , 7.38   , 68           , 8.57   , 82           , 7.88   , 65           , 8.08   , 71           , 7.35   , 82           , 7.15   , 80           , 7.48   , 74           , 7.70   , 70
S326      , Deepak Kurup        , 7.05   , 81           , 7.19   , 77           , 6.48   , 62           , 6.15   , 72           , 6.86   , 82           , 6.32   , 68           , 6.47   , 83           , 7.39   , 87
S327      , Anand D'Souza       , 9.32   , 86           , 8.56   , 75           , 8.77   , 79           , 8.34   , 73           , 7.24   , 75           , 7.36   , 74           , 7.05   , 92           , 6.72   , 80
S328      , Athira Paul         , 6.03   , 59           , 6.06   , 80           , 6.10   , 88           , 6.25   , 80           , 6.33   , 61           , 6.17   , 77           , 6.06   , 78           , 5.93   , 66
S329      , Arjun Krishnan      , 9.79   , 79           , 9.44   , 85           , 9.05   , 89           , 9.53   , 86           , 9.64   , 94           , 9.39   , 83           , 9.47   , 84           , 9.31   , 93
S330      , Rajan Ghosh         , 9.53   , 91           , 9.02   , 67           , 9.01   , 80           , 8.38   , 91           , 9.06   , 99           , 9.62   , 90           , 8.60   , 75           , 8.94   , 77
S331      , Anil Joshi          , 9.67   , 81           , 8.78   , 64           , 7.89   , 81           , 7.47   , 91           , 10.00  , 76           , 8.44   , 82           , 7.14   , 70           , 7.58   , 82
S332      , Priya Bose          , 8.67   , 83           , 8.71   , 85           , 9.36   , 82           , 9.35   , 86           , 8.87   , 90           , 9.33   , 87           , 8.91   , 84           , 8.86   , 88
S333      , Irfan Shah          , 7.68   , 78           , 8.01   , 69           , 7.12   , 79           , 7.81   , 86           , 6.68   , 77           , 7.08   , 73           , 7.00   , 76           , 8.44   , 89
S334      , Padma Hitesh        , 6.41   , 84           , 5.74   , 64           , 7.00   , 74           , 7.57   , 63           , 6.10   , 65           , 7.02   , 59           , 6.12   , 74           , 6.61   , 79
S335      , Rakesh Philip       , 7.48   , 74           , 7.11   , 64           , 7.35   , 82           , 6.71   , 71           , 6.25   , 71           , 5.75   , 81           , 5.39   , 66           , 5.46   , 69
S336      , Lekha Shah          , 8.41   , 84           , 8.70   , 95           , 8.95   , 76           , 8.30   , 82           , 8.82   , 84           , 8.79   , 75           , 8.77   , 91           , 9.07   , 99
S337      , Lakshmi George      , 7.30   , 83           , 6.50   , 63           , 5.39   , 60           , 6.50   , 73           , 5.82   , 77           , 8.91   , 88           , 7.10   , 77           , 6.86   , 74
S338      , Gautam Krishnan     , 6.41   , 62           , 6.35   , 56           , 7.12   , 81           , 7.01   , 87           , 8.51   , 76           , 7.90   , 66           , 8.56   , 80           , 8.66   , 75
S339      , Shreya Jacob        , 8.53   , 86           , 8.90   , 87           , 8.71   , 83           , 8.47   , 93           , 8.90   , 89           , 8.92   , 80           , 8.62   , 79           , 8.76   , 79
S340      , Yashasvi Ghosh      , 7.48   , 67           , 8.22   , 84           , 7.78   , 78           , 8.29   , 67           , 8.09   , 81           , 7.10   , 68           , 7.64   , 68           , 8.18   , 80
S341      , Deepa Tiwari        , 8.28   , 92           , 7.33   , 68           , 6.56   , 56           , 7.70   , 87           , 6.51   , 84           , 6.72   , 57           , 6.43   , 75           , 7.13   , 77
S342      , Ganesh Thomas       , 7.55   , 70           , 7.15   , 63           , 7.18   , 79           , 6.74   , 78           , 6.65   , 68           , 5.83   , 66           , 6.94   , 76           , 7.78   , 77
S343      , Harish Kumar        , 4.88   , 58           , 6.06   , 76           , 5.61   , 61           , 6.12   , 75           , 5.86   , 69           , 5.59   , 55           , 5.87   , 64           , 5.41   , 69
S344      , Swathi Fernandez    , 7.89   , 82           , 7.31   , 69           , 7.45   , 94           , 6.99   , 78           , 7.49   , 82           , 8.15   , 78           , 6.86   , 67           , 8.06   , 81
S345      , Chalana Philip      , 7.62   , 74           , 8.36   , 88           , 7.48   , 73           , 7.89   , 74           , 8.07   , 68           , 7.54   , 73           , 7.79   , 72           , 7.97   , 76
S346      , Bharath Warrier     , 6.37   , 68           , 6.98   , 67           , 7.59   , 73           , 7.50   , 83           , 6.98   , 77           , 7.94   , 87           , 7.03   , 78           , 7.59   , 65
S347      , Suresh Menon        , 7.74   , 80           , 7.29   , 87           , 8.04   , 86           , 6.94   , 84           , 7.79   , 87           , 6.44   , 68           , 7.82   , 83           , 6.94   , 60
S348      , Ayush Potti         , 6.03   , 77           , 5.79   , 73           , 6.15   , 68           , 6.67   , 82           , 6.93   , 73           , 7.06   , 68           , 7.17   , 69           , 7.41   , 69
S349      , Gautam Naresh       , 5.78   , 74           , 5.00   , 65           , 5.81   , 70           , 6.06   , 62           , 6.62   , 72           , 7.55   , 86           , 7.12   , 62           , 7.70   , 72
S350      , Unnikrishnan Ritesh , 5.60   , 71           , 5.04   , 62           , 4.71   , 57           , 4.72   , 60           , 4.99   , 67           , 4.99   , 72           , 5.47   , 65           , 4.84   , 55
S351      , Kishore Naresh      , 7.74   , 81           , 7.59   , 80           , 7.53   , 87           , 7.36   , 78           , 7.92   , 72           , 5.81   , 56           , 8.17   , 78           , 7.15   , 60
S352      , Meera Cherian       , 7.63   , 83           , 7.80   , 85           , 7.60   , 63           , 7.96   , 73           , 7.82   , 87           , 7.78   , 73           , 6.73   , 72           , 7.30   , 88
S353      , Rijul Fernandez     , 8.69   , 88           , 9.29   , 85           , 8.87   , 84           , 8.74   , 76           , 8.58   , 79           , 8.90   , 76           , 8.93   , 76           , 8.41   , 85
S354      , Jayan Hitesh        , 7.93   , 74           , 6.99   , 76           , 10.00  , 90           , 7.16   , 69           , 9.38   , 80           , 6.81   , 61           , 8.74   , 86           , 8.04   , 70
S355      , Divya Dubey         , 7.47   , 84           , 6.53   , 66           , 8.17   , 75           , 6.85   , 65           , 5.92   , 75           , 6.97   , 74           , 7.84   , 71           , 6.58   , 69
S356      , Simran Tiwari       , 7.11   , 55           , 5.99   , 65           , 6.46   , 66           , 6.98   , 67           , 6.53   , 69           , 7.59   , 68           , 7.40   , 78           , 7.37   , 82
S357      , Devika Choudhury    , 8.90   , 83           , 8.47   , 75           , 7.85   , 63           , 7.66   , 76           , 8.57   , 82           , 8.41   , 94           , 7.20   , 83           , 8.44   , 77
S358      , Fathima Tiwari      , 9.38   , 83           , 8.76   , 92           , 8.27   , 97           , 8.00   , 83           , 7.89   , 80           , 8.30   , 81           , 7.44   , 58           , 7.27   , 82
S359      , Sreekanth Krishnan  , 6.89   , 73           , 7.22   , 70           , 7.19   , 58           , 8.63   , 95           , 7.23   , 81           , 9.69   , 92           , 8.04   , 81           , 6.33   , 60
S360      , Kabir Joseph        , 7.60   , 83           , 8.93   , 86           , 7.04   , 84           , 5.56   , 55           , 7.86   , 83           , 7.95   , 84           , 8.22   , 71           , 8.82   , 72
S361      , Mihir Potti         , 6.13   , 69           , 6.17   , 69           , 6.88   , 84           , 6.19   , 64           , 6.07   , 80           , 6.19   , 72           , 7.06   , 74           , 6.51   , 92
S362      , Nitin John          , 9.17   , 82           , 9.38   , 73           , 9.11   , 99           , 9.77   , 92           , 9.99   , 86           , 9.99   , 99           , 9.85   , 81           , 9.43   , 90
S363      , Ranjith Peter       , 6.89   , 69           , 5.51   , 73           , 7.03   , 75           , 8.01   , 85           , 6.93   , 83           , 7.73   , 84           , 5.91   , 71           , 6.93   , 66
S364      , Roshan Choudhury    , 8.89   , 99           , 8.89   , 92           , 8.70   , 96           , 8.41   , 85           , 8.80   , 93           , 9.06   , 79           , 8.59   , 77           , 9.00   , 63
S365      , Akash Cherian       , 5.01   , 68           , 5.15   , 63           , 4.32   , 62           , 4.44   , 65           , 4.24   , 59           , 4.69   , 62           , 4.99   , 63           , 4.00   , 67
S366      , Mridula Patel       , 6.40   , 70           , 6.19   , 78           , 7.05   , 69           , 7.14   , 75           , 7.88   , 71           , 7.94   , 70           , 8.22   , 80           , 8.12   , 81
S367      , Priya Mahesh        , 7.48   , 79           , 6.88   , 73           , 7.81   , 86           , 7.71   , 85           , 8.25   , 78           , 8.06   , 68           , 7.68   , 89           , 7.27   , 81
S368      , Jyothi Yadav        , 9.37   , 99           , 9.63   , 78           , 9.48   , 95           , 9.86   , 97           , 8.88   , 70           , 9.34   , 84           , 9.94   , 88           , 9.63   , 75
S369      , Irfan Potti         , 8.24   , 67           , 7.56   , 88           , 7.51   , 97           , 6.61   , 73           , 6.59   , 67           , 5.88   , 91           , 6.25   , 60           , 5.88   , 69
S370      , Faizal Pillai       , 5.76   , 67           , 6.23   , 82           , 6.32   , 67           , 6.15   , 64           , 6.58   , 63           , 6.77   , 74           , 6.67   , 82           , 7.03   , 91
S371      , Dhruv Varma         , 6.27   , 68           , 6.56   , 56           , 7.19   , 83           , 7.85   , 81           , 8.04   , 74           , 8.38   , 97           , 8.89   , 85           , 9.06   , 77
S372      , Parvathi Ramesh     , 7.00   , 71           , 6.77   , 87           , 6.77   , 67           , 6.36   , 66           , 6.80   , 70           , 6.44   , 62           , 6.85   , 56           , 5.62   , 66
S373      , Rahul George        , 7.87   , 74           , 7.97   , 80           , 8.46   , 85           , 7.85   , 71           , 7.66   , 78           , 7.81   , 67           , 8.24   , 67           , 8.65   , 86
S374      , Varsha Kurup        , 7.72   , 77           , 8.31   , 73           , 8.09   , 85           , 7.13   , 72           , 8.06   , 76           , 6.87   , 81           , 9.50   , 87           , 6.75   , 77
S375      , Mithun Paul         , 7.10   , 81           , 6.88   , 67           , 7.36   , 79           , 7.00   , 64           , 7.15   , 79           , 6.23   , 68           , 7.99   , 80           , 6.96   , 80
S376      , Bindu Antony        , 7.08   , 62           , 7.90   , 59           , 6.78   , 76           , 7.15   , 76           , 6.80   , 71           , 7.82   , 78           , 5.98   , 94           , 6.90   , 72
S377      , Tharun Ritesh       , 9.35   , 99           , 9.19   , 84           , 9.14   , 94           , 9.81   , 99           , 9.61   , 89           , 9.30   , 79           , 8.57   , 63           , 9.15   , 91
S378      , Rijul George        , 4.18   , 60           , 4.57   , 63           , 4.69   , 64           , 4.79   , 74           , 4.23   , 59           , 5.16   , 64           , 4.44   , 55           , 4.01   , 66
S379      , Rajeev Shetty       , 8.62   , 88           , 9.62   , 83           , 8.82   , 99           , 9.01   , 77           , 9.30   , 79           , 8.83   , 79           , 8.74   , 85           , 8.55   , 78
S380      , Harish Banerjee     , 8.78   , 81           , 8.65   , 68           , 8.52   , 78           , 9.03   , 80           , 9.10   , 80           , 9.00   , 79           , 9.56   , 82           , 9.56   , 84
S381      , Shruti Das          , 4.79   , 55           , 4.29   , 72           , 5.16   , 71           , 4.26   , 55           , 4.00   , 55           , 4.80   , 77           , 4.32   , 55           , 4.78   , 57
S382      , Mrinal Jain         , 6.94   , 75           , 7.41   , 85           , 6.35   , 71           , 6.29   , 55           , 7.28   , 75           , 7.55   , 86           , 6.27   , 64           , 7.59   , 74
S383      , Nandini Bhat        , 8.08   , 86           , 6.79   , 58           , 7.50   , 82           , 7.20   , 67           , 7.87   , 89           , 7.45   , 78           , 7.13   , 80           , 6.80   , 74
S384      , Jayan Choudhury     , 7.33   , 90           , 7.07   , 78           , 7.58   , 87           , 7.19   , 63           , 6.51   , 82           , 6.59   , 90           , 7.04   , 64           , 5.83   , 75
S385      , Meghana Nambiar     , 8.62   , 84           , 8.16   , 81           , 8.77   , 78           , 8.87   , 90           , 8.44   , 86           , 8.97   , 91           , 8.12   , 79           , 8.17   , 85
S386      , Farhan Banerjee     , 5.10   , 68           , 6.27   , 66           , 5.44   , 75           , 4.88   , 64           , 5.98   , 75           , 5.48   , 55           , 5.77   , 72           , 5.92   , 64
S387      , Sangeeth Shetty     , 9.16   , 98           , 8.86   , 79           , 8.74   , 77           , 8.81   , 84           , 8.37   , 85           , 9.16   , 82           , 9.27   , 90           , 8.79   , 86
S388      , Unnikrishnan Agarwal, 9.19   , 77           , 9.65   , 83           , 9.75   , 81           , 9.54   , 83           , 9.84   , 87           , 9.13   , 92           , 9.63   , 85           , 9.14   , 73
S389      , Saranya Menon       , 7.59   , 76           , 7.84   , 86           , 7.72   , 80           , 8.16   , 83           , 7.86   , 99           , 7.19   , 73           , 8.71   , 81           , 7.71   , 79
S390      , Mohan Bose          , 6.45   , 79           , 7.14   , 62           , 6.62   , 79           , 7.22   , 82           , 7.69   , 86           , 6.99   , 84           , 6.72   , 91           , 7.47   , 74
S391      , Rohit Kumar         , 9.12   , 88           , 9.58   , 99           , 8.72   , 84           , 8.86   , 92           , 9.53   , 99           , 9.43   , 91           , 9.01   , 85           , 9.38   , 92
S392      , Athira Varma        , 5.54   , 69           , 5.36   , 70           , 5.13   , 79           , 5.90   , 63           , 5.81   , 58           , 5.27   , 59           , 5.70   , 57           , 4.86   , 74
S393      , Hari Potti          , 9.00   , 87           , 8.63   , 82           , 8.90   , 90           , 8.57   , 83           , 8.50   , 81           , 8.43   , 75           , 8.44   , 82           , 8.07   , 86
S394      , Ganesh Menon        , 6.83   , 92           , 6.35   , 64           , 6.42   , 76           , 6.83   , 68           , 6.14   , 79           , 6.89   , 64           , 6.26   , 75           , 7.24   , 69
S395      , Sahana Kurup        , 9.17   , 98           , 8.67   , 77           , 9.09   , 94           , 8.82   , 96           , 8.89   , 77           , 8.97   , 73           , 8.70   , 85           , 8.99   , 80
S396      , Jasmine Rajesh      , 7.16   , 75           , 6.99   , 80           , 8.11   , 85           , 7.28   , 74           , 7.59   , 78           , 8.04   , 77           , 7.32   , 64           , 7.54   , 79
S397      , Suresh Jain         , 7.09   , 76           , 7.04   , 82           , 7.84   , 69           , 7.70   , 66           , 7.40   , 89           , 7.02   , 70           , 7.52   , 86           , 6.70   , 72
S398      , Athira Pandey       , 5.96   , 82           , 6.97   , 81           , 6.46   , 80           , 5.52   , 65           , 7.18   , 62           , 6.58   , 88           , 6.68   , 72           , 5.63   , 62
S399      , Jasmine Shah        , 8.37   , 77           , 8.33   , 78           , 8.29   , 69           , 7.79   , 87           , 7.14   , 65           , 6.10   , 59           , 5.74   , 69           , 5.43   , 74
S400      , Bala Ramesh         , 8.27   , 72           , 6.87   , 71           , 8.56   , 94           , 6.55   , 72           , 7.23   , 72           , 7.76   , 55           , 6.68   , 77           , 7.02   , 81
S401      , Jyothi Reddy        , 6.98   , 83           , 7.37   , 57           , 6.52   , 78           , 6.45   , 63           , 6.66   , 87           , 7.53   , 69           , 7.41   , 70           , 6.88   , 78
S402      , Athira Joshi        , 9.64   , 78           , 9.31   , 79           , 9.55   , 87           , 9.59   , 79           , 9.56   , 73           , 9.32   , 95           , 9.59   , 70           , 9.86   , 86
S403      , Keerthi Thomas      , 6.15   , 87           , 5.86   , 72           , 6.44   , 69           , 5.91   , 71           , 6.41   , 65           , 6.36   , 68           , 6.36   , 90           , 6.05   , 64
S404      , Dev Tiwari          , 8.75   , 76           , 8.64   , 88           , 8.46   , 87           , 8.90   , 76           , 8.79   , 81           , 9.05   , 73           , 9.02   , 90           , 9.05   , 90
S405      , Harish Dinesh       , 7.91   , 86           , 8.18   , 80           , 7.31   , 79           , 7.24   , 71           , 7.33   , 71           , 7.51   , 79           , 7.25   , 77           , 7.35   , 82
S406      , Pooja Cherian       , 8.07   , 73           , 7.09   , 93           , 8.67   , 83           , 7.24   , 84           , 7.98   , 83           , 7.09   , 79           , 7.56   , 66           , 8.41   , 78
S407      , Vinay Mukesh        , 7.81   , 76           , 6.97   , 70           , 7.47   , 74           , 8.30   , 88           , 7.10   , 72           , 8.10   , 94           , 7.83   , 81           , 7.62   , 73
S408      , Elsa Thomas         , 9.66   , 88           , 9.56   , 85           , 8.87   , 79           , 9.06   , 69           , 9.34   , 72           , 8.90   , 99           , 10.00  , 99           , 9.62   , 83
S409      , Chalana George      , 6.42   , 74           , 5.60   , 62           , 5.44   , 70           , 6.64   , 74           , 5.37   , 83           , 6.11   , 59           , 6.02   , 70           , 5.98   , 73
S410      , Ayesha Verma        , 8.39   , 88           , 6.91   , 80           , 6.98   , 59           , 6.86   , 74           , 6.80   , 61           , 6.83   , 68           , 6.13   , 63           , 5.38   , 73
S411      , Nikitha Bhat        , 9.29   , 85           , 8.60   , 85           , 9.13   , 82           , 8.79   , 85           , 8.92   , 88           , 9.18   , 85           , 9.19   , 71           , 9.43   , 89
S412      , Ravi Patel          , 8.82   , 79           , 9.65   , 92           , 9.35   , 80           , 9.13   , 97           , 8.86   , 95           , 8.96   , 81           , 9.59   , 82           , 9.24   , 65
S413      , Krishna Yadav       , 7.11   , 64           , 6.88   , 81           , 6.37   , 78           , 6.90   , 67           , 7.30   , 70           , 7.31   , 72           , 6.09   , 55           , 6.98   , 77
S414      , Manoj Reddy         , 8.11   , 92           , 7.57   , 68           , 8.12   , 76           , 7.02   , 72           , 7.36   , 75           , 6.27   , 68           , 6.80   , 71           , 6.24   , 68
S415      , Krishna Nair        , 5.07   , 70           , 4.52   , 55           , 5.05   , 58           , 6.24   , 68           , 6.72   , 79           , 6.37   , 91           , 6.94   , 72           , 7.46   , 66
S416      , Abhinav Mukesh      , 6.52   , 63           , 6.27   , 76           , 6.54   , 79           , 7.02   , 76           , 6.99   , 64           , 6.79   , 88           , 6.69   , 70           , 7.21   , 80
S417      , Indu Varma          , 8.10   , 81           , 6.84   , 87           , 8.84   , 69           , 5.95   , 58           , 6.50   , 79           , 8.83   , 70           , 8.12   , 79           , 10.00  , 99
S418      , Ankit Shetty        , 8.72   , 81           , 8.58   , 83           , 8.44   , 86           , 8.64   , 87           , 8.75   , 90           , 8.38   , 73           , 8.69   , 79           , 8.90   , 80
S419      , Sai Nambiar         , 5.50   , 58           , 7.73   , 78           , 6.35   , 63           , 7.91   , 84           , 7.50   , 71           , 6.92   , 73           , 7.44   , 76           , 7.34   , 77
S420      , Girish Reddy        , 9.47   , 99           , 9.41   , 85           , 8.49   , 84           , 8.76   , 94           , 7.91   , 78           , 8.17   , 70           , 7.34   , 93           , 7.28   , 72
S421      , Pranav Chauhan      , 7.12   , 72           , 7.28   , 72           , 6.40   , 80           , 6.07   , 55           , 5.78   , 66           , 5.63   , 80           , 5.35   , 70           , 4.68   , 73
S422      , Naveen Ganesh       , 8.05   , 84           , 8.28   , 59           , 8.81   , 87           , 9.12   , 77           , 8.31   , 77           , 8.54   , 87           , 8.78   , 87           , 8.22   , 81
S423      , Govind D'Souza      , 7.49   , 77           , 7.00   , 79           , 7.85   , 80           , 7.74   , 84           , 7.75   , 60           , 8.22   , 96           , 7.96   , 80           , 7.31   , 63
S424      , Pooja Joshi         , 6.63   , 67           , 7.10   , 72           , 7.93   , 77           , 7.38   , 74           , 7.29   , 71           , 6.61   , 74           , 6.76   , 71           , 6.80   , 61
S425      , Reshma Mishra       , 8.67   , 88           , 8.96   , 93           , 9.32   , 89           , 8.80   , 78           , 8.77   , 89           , 9.04   , 84           , 9.33   , 89           , 9.68   , 80
S426      , Chirag Iyer         , 8.05   , 76           , 7.89   , 65           , 7.80   , 79           , 8.18   , 80           , 7.73   , 74           , 7.14   , 77           , 7.00   , 85           , 8.03   , 90
S427      , Lekha George        , 6.15   , 74           , 5.92   , 65           , 6.17   , 70           , 6.32   , 62           , 5.74   , 58           , 6.18   , 72           , 4.50   , 56           , 6.09   , 56
S428      , Sai Rajesh          , 7.31   , 75           , 7.01   , 81           , 6.49   , 71           , 6.63   , 82           , 7.58   , 68           , 7.39   , 74           , 6.36   , 81           , 7.50   , 58
S429      , Haritha Hitesh      , 9.15   , 79           , 9.27   , 83           , 9.16   , 85           , 9.02   , 93           , 8.96   , 86           , 8.84   , 92           , 9.01   , 93           , 9.38   , 91
S430      , Saranya Ramesh      , 5.86   , 65           , 5.32   , 68           , 4.74   , 74           , 4.67   , 67           , 5.40   , 63           , 5.02   , 68           , 4.61   , 65           , 4.66   , 69
S431      , Rijul Warrier       , 7.87   , 75           , 8.00   , 78           , 7.26   , 83           , 6.96   , 68           , 6.80   , 71           , 6.50   , 75           , 6.15   , 55           , 6.34   , 55
S432      , Murali Thampi       , 9.34   , 89           , 8.86   , 67           , 8.38   , 74           , 8.05   , 94           , 7.81   , 84           , 7.55   , 81           , 7.68   , 77           , 7.62   , 68
S433      , Ebin Patel          , 7.90   , 67           , 6.88   , 80           , 7.42   , 73           , 8.03   , 85           , 7.41   , 85           , 7.35   , 86           , 7.54   , 64           , 6.86   , 68
S434      , Arjun Naresh        , 6.74   , 66           , 7.06   , 74           , 6.73   , 66           , 7.57   , 83           , 7.12   , 72           , 7.44   , 66           , 7.25   , 79           , 8.97   , 73
S435      , Simran Pandey       , 6.46   , 65           , 7.26   , 80           , 6.19   , 76           , 6.43   , 67           , 7.17   , 63           , 6.90   , 74           , 8.17   , 79           , 8.09   , 76
S436      , Anish Singh         , 8.86   , 79           , 9.24   , 81           , 9.33   , 99           , 8.86   , 77           , 9.49   , 99           , 8.68   , 86           , 9.04   , 85           , 9.13   , 89
S437      , Pradeep Pillai      , 6.80   , 69           , 6.98   , 82           , 7.38   , 70           , 6.50   , 87           , 7.37   , 92           , 8.21   , 83           , 7.44   , 77           , 7.21   , 84
S438      , Reshma Kumar        , 7.37   , 81           , 6.97   , 68           , 7.84   , 76           , 7.96   , 66           , 6.96   , 76           , 7.40   , 76           , 6.96   , 68           , 7.18   , 74
S439      , Manoj Kurup         , 8.65   , 77           , 9.63   , 83           , 8.90   , 78           , 9.06   , 76           , 9.39   , 86           , 10.00  , 78           , 8.72   , 91           , 9.23   , 86
S440      , Madhu Rajesh        , 9.19   , 80           , 9.39   , 96           , 8.95   , 93           , 9.20   , 75           , 9.05   , 76           , 9.04   , 99           , 8.67   , 97           , 9.71   , 88
S441      , Roshan Jain         , 9.30   , 80           , 8.95   , 91           , 8.56   , 84           , 8.77   , 83           , 9.17   , 92           , 8.83   , 87           , 9.15   , 97           , 8.85   , 80
S442      , Dhruv Kurup         , 8.49   , 67           , 8.23   , 88           , 8.49   , 79           , 8.91   , 90           , 9.01   , 74           , 8.91   , 93           , 8.08   , 68           , 8.95   , 79
S443      , Tanvi Mahesh        , 7.16   , 77           , 8.02   , 84           , 8.45   , 77           , 7.16   , 75           , 7.67   , 77           , 7.23   , 82           , 7.37   , 68           , 6.94   , 74
S444      , Sreedevi Joseph     , 7.55   , 67           , 7.18   , 86           , 7.27   , 74           , 6.61   , 67           , 6.76   , 63           , 7.10   , 71           , 7.38   , 65           , 5.62   , 84
S445      , Ganesh Kaur         , 9.00   , 84           , 9.11   , 88           , 9.10   , 91           , 9.14   , 71           , 8.63   , 88           , 8.73   , 81           , 9.05   , 90           , 8.66   , 89
S446      , Soumya Mahesh       , 6.29   , 71           , 6.33   , 64           , 5.87   , 79           , 5.77   , 69           , 6.10   , 86           , 6.05   , 57           , 5.63   , 63           , 5.92   , 69
S447      , Kabir Nambiar       , 6.28   , 84           , 5.71   , 78           , 5.69   , 55           , 6.29   , 63           , 5.61   , 55           , 5.94   , 63           , 6.36   , 77           , 5.76   , 65
S448      , Zara Raj            , 5.83   , 65           , 6.86   , 79           , 6.26   , 55           , 7.47   , 86           , 7.86   , 79           , 7.25   , 74           , 8.11   , 88           , 8.63   , 96
S449      , Girish Singh        , 5.94   , 58           , 5.76   , 78           , 6.18   , 76           , 6.47   , 82           , 7.33   , 83           , 6.27   , 87           , 7.65   , 82           , 7.13   , 74
S450      , Shruti Pandey       , 5.67   , 84           , 5.76   , 60           , 5.76   , 58           , 6.61   , 64           , 6.51   , 72           , 7.24   , 97           , 8.11   , 67           , 7.83   , 84
S451      , Simran Shah         , 6.00   , 55           , 7.07   , 68           , 6.60   , 65           , 7.17   , 87           , 6.71   , 72           , 5.66   , 78           , 7.17   , 71           , 5.62   , 70
S452      , Abhilash Achari     , 8.82   , 85           , 8.42   , 92           , 8.28   , 80           , 8.18   , 79           , 8.40   , 86           , 7.00   , 75           , 7.42   , 73           , 7.37   , 80
S453      , Aarav D'Souza       , 6.54   , 77           , 7.48   , 56           , 5.19   , 76           , 7.00   , 69           , 6.82   , 79           , 5.96   , 75           , 6.96   , 67           , 7.04   , 80
S454      , Harikrishna Mahesh  , 7.79   , 73           , 6.82   , 73           , 6.78   , 89           , 7.00   , 74           , 7.34   , 85           , 7.18   , 76           , 7.48   , 73           , 6.54   , 70
S455      , Athira Banerjee     , 8.32   , 87           , 7.31   , 69           , 8.13   , 80           , 5.98   , 75           , 6.53   , 56           , 6.22   , 88           , 7.26   , 74           , 6.59   , 56
S456      , Madhu Abraham       , 6.44   , 73           , 6.87   , 74           , 6.77   , 80           , 6.59   , 66           , 6.65   , 59           , 6.43   , 73           , 7.18   , 78           , 5.88   , 81
S457      , Kalyan Rajesh       , 6.09   , 61           , 4.99   , 55           , 4.63   , 72           , 4.98   , 55           , 5.15   , 64           , 5.37   , 91           , 4.91   , 64           , 5.77   , 59
S458      , Athira Mukherjee    , 8.67   , 81           , 8.82   , 86           , 8.31   , 74           , 9.13   , 77           , 8.70   , 89           , 8.84   , 80           , 8.44   , 75           , 9.01   , 79
S459      , Reshma Bose         , 7.64   , 83           , 7.70   , 93           , 6.74   , 73           , 6.96   , 79           , 7.87   , 74           , 7.33   , 96           , 8.23   , 97           , 8.18   , 80
S460      , Jinesh Das          , 5.76   , 67           , 6.26   , 76           , 6.84   , 72           , 6.40   , 78           , 7.82   , 77           , 8.77   , 97           , 8.50   , 95           , 8.64   , 80
S461      , Anjali Yadav        , 6.52   , 72           , 6.05   , 77           , 5.98   , 58           , 7.15   , 73           , 7.07   , 74           , 7.06   , 74           , 6.49   , 61           , 7.47   , 82
S462      , Krishna George      , 7.08   , 84           , 7.27   , 80           , 7.90   , 79           , 7.36   , 76           , 7.59   , 72           , 7.12   , 71           , 8.65   , 75           , 7.69   , 69
S463      , Amrit Mahesh        , 8.23   , 81           , 7.10   , 76           , 6.87   , 79           , 7.01   , 86           , 7.28   , 73           , 7.51   , 87           , 7.42   , 77           , 7.11   , 63
S464      , Dhruv Hegde         , 7.62   , 74           , 7.35   , 71           , 7.17   , 69           , 7.08   , 79           , 7.91   , 69           , 7.30   , 69           , 8.14   , 91           , 7.32   , 68
S465      , Govind Hitesh       , 8.06   , 75           , 6.70   , 64           , 6.89   , 79           , 7.67   , 85           , 7.47   , 74           , 7.78   , 91           , 6.69   , 67           , 7.19   , 87
S466      , Harish Joshi        , 8.44   , 86           , 7.23   , 79           , 8.05   , 81           , 7.52   , 75           , 7.64   , 79           , 7.90   , 95           , 7.87   , 76           , 7.28   , 86
S467      , Kalyan Varma        , 9.77   , 96           , 8.95   , 82           , 8.96   , 90           , 8.96   , 71           , 9.21   , 91           , 8.91   , 66           , 9.03   , 82           , 8.47   , 68
S468      , Lalu Dubey          , 7.54   , 66           , 8.64   , 79           , 7.48   , 66           , 6.41   , 73           , 8.18   , 71           , 7.04   , 75           , 7.49   , 86           , 7.66   , 84
S469      , Aswathy Namboothiri , 9.02   , 89           , 8.76   , 82           , 9.03   , 79           , 8.45   , 89           , 9.21   , 84           , 8.98   , 94           , 9.63   , 91           , 9.36   , 90
S470      , Indu Tiwari         , 8.89   , 80           , 8.88   , 65           , 9.52   , 79           , 8.92   , 94           , 8.95   , 80           , 9.36   , 71           , 9.13   , 77           , 9.09   , 88
S471      , Girish Mishra       , 9.15   , 85           , 8.94   , 91           , 9.47   , 83           , 9.61   , 70           , 9.75   , 94           , 9.03   , 87           , 9.77   , 85           , 9.34   , 91
S472      , Lalu Chatterjee     , 8.86   , 80           , 8.16   , 55           , 8.62   , 87           , 7.93   , 78           , 8.58   , 83           , 8.50   , 70           , 8.76   , 86           , 8.29   , 94
S473      , Aswathy Peter       , 6.07   , 77           , 6.87   , 86           , 5.41   , 65           , 7.73   , 67           , 7.10   , 77           , 5.73   , 82           , 6.14   , 57           , 7.01   , 67
S474      , Kiran Dubey         , 6.16   , 87           , 6.47   , 65           , 6.77   , 63           , 6.34   , 74           , 6.30   , 61           , 6.61   , 62           , 6.27   , 55           , 6.84   , 71
S475      , Aarav Nambiar       , 8.64   , 84           , 8.49   , 78           , 9.06   , 67           , 9.04   , 90           , 9.22   , 95           , 8.66   , 71           , 9.00   , 84           , 8.74   , 91
S476      , Sarath Potti        , 7.77   , 88           , 7.67   , 73           , 8.17   , 72           , 7.90   , 79           , 7.49   , 72           , 6.52   , 84           , 6.76   , 67           , 6.22   , 59
S477      , Keerthi Mukesh      , 6.73   , 65           , 6.30   , 78           , 7.61   , 81           , 7.35   , 78           , 7.00   , 68           , 7.70   , 83           , 7.35   , 70           , 6.60   , 72
S478      , Mrinal Namboothiri  , 6.83   , 76           , 7.09   , 69           , 8.11   , 73           , 7.74   , 73           , 7.55   , 74           , 7.36   , 76           , 7.86   , 81           , 7.19   , 55
S479      , Swathi Antony       , 7.45   , 70           , 6.16   , 64           , 6.78   , 95           , 7.45   , 84           , 6.04   , 79           , 6.90   , 78           , 6.30   , 58           , 6.45   , 75
S480      , Mythili Jacob       , 7.10   , 86           , 6.13   , 56           , 7.04   , 58           , 6.91   , 75           , 7.48   , 73           , 6.35   , 71           , 6.01   , 77           , 6.38   , 67
S481      , Girish Joseph       , 5.00   , 77           , 4.98   , 55           , 5.84   , 75           , 5.25   , 59           , 5.38   , 77           , 5.59   , 69           , 5.83   , 63           , 5.27   , 71
S482      , Mridula Yadav       , 5.48   , 55           , 6.25   , 71           , 6.31   , 65           , 7.15   , 71           , 7.21   , 83           , 7.86   , 85           , 7.89   , 93           , 7.68   , 75
S483      , Vineeth Shetty      , 5.03   , 70           , 5.82   , 80           , 5.97   , 78           , 6.40   , 60           , 7.04   , 78           , 7.11   , 82           , 8.26   , 88           , 8.10   , 71
S484      , Amrutha Kumar       , 5.39   , 72           , 5.87   , 70           , 5.90   , 74           , 5.78   , 59           , 6.09   , 74           , 6.82   , 68           , 6.48   , 64           , 6.73   , 69
S485      , Siddharth Kurup     , 8.79   , 82           , 6.66   , 74           , 6.92   , 74           , 8.35   , 69           , 8.48   , 79           , 7.26   , 76           , 7.73   , 79           , 8.05   , 66
S486      , Vinay Daniel        , 5.93   , 61           , 7.07   , 76           , 6.21   , 66           , 6.24   , 76           , 6.61   , 79           , 7.11   , 88           , 6.62   , 55           , 6.68   , 68
S487      , Keerthi Thampi      , 7.86   , 71           , 8.02   , 94           , 7.44   , 83           , 6.74   , 66           , 7.39   , 79           , 8.18   , 83           , 8.22   , 76           , 7.56   , 80
S488      , Annapurna Bose      , 8.38   , 66           , 6.89   , 79           , 8.88   , 85           , 7.80   , 77           , 8.31   , 87           , 7.88   , 79           , 7.36   , 81           , 7.75   , 86
S489      , Kamala Antony       , 8.76   , 66           , 8.68   , 95           , 8.41   , 66           , 8.96   , 92           , 9.06   , 91           , 8.53   , 85           , 9.35   , 82           , 8.68   , 87
S490      , Farhan Rajesh       , 8.06   , 86           , 8.04   , 81           , 7.72   , 87           , 7.31   , 73           , 8.04   , 72           , 7.83   , 96           , 7.07   , 61           , 7.39   , 72
S491      , Farhan Xavier       , 8.40   , 73           , 8.39   , 75           , 7.79   , 69           , 7.56   , 70           , 8.03   , 57           , 6.87   , 78           , 6.76   , 90           , 6.48   , 73
S492      , Girish Menon        , 6.65   , 96           , 6.37   , 64           , 7.31   , 99           , 7.28   , 73           , 6.30   , 66           , 7.24   , 78           , 7.64   , 73           , 7.83   , 82
S493      , Karthik Mahesh      , 9.08   , 90           , 9.40   , 84           , 9.86   , 90           , 9.46   , 95           , 9.52   , 78           , 9.62   , 79           , 9.83   , 73           , 8.98   , 80
S494      , Kishore Reddy       , 7.06   , 75           , 7.49   , 75           , 6.98   , 81           , 7.17   , 82           , 7.92   , 82           , 7.14   , 80           , 8.28   , 79           , 7.69   , 82
S495      , Indu Chauhan        , 6.38   , 69           , 6.29   , 76           , 6.18   , 63           , 6.75   , 74           , 7.18   , 78           , 7.11   , 63           , 5.89   , 74           , 7.17   , 86
S496      , Sreekanth Suresh    , 6.41   , 56           , 7.18   , 78           , 6.41   , 60           , 6.93   , 78           , 5.39   , 70           , 7.71   , 71           , 7.25   , 85           , 6.36   , 78
S497      , Deepak Antony       , 7.13   , 76           , 8.33   , 78           , 7.71   , 73           , 7.15   , 88           , 8.52   , 76           , 8.89   , 90           , 7.82   , 74           , 8.92   , 80
S498      , Mohan Jacob         , 7.57   , 69           , 8.34   , 87           , 8.57   , 83           , 8.09   , 66           , 7.44   , 69           , 7.52   , 73           , 7.81   , 78           , 7.93   , 94
S499      , Siddharth Potti     , 8.74   , 96           , 8.42   , 89           , 8.74   , 78           , 8.57   , 99           , 8.77   , 86           , 8.85   , 77           , 9.03   , 98           , 8.66   , 99
S500      , Murali Raj          , 8.92   , 82           , 9.18   , 89           , 9.35   , 85           , 9.14   , 85           , 9.00   , 81           , 9.42   , 97           , 8.88   , 78           , 9.28   , 80
